<?xml version="1.0" encoding="UTF-8"?>
<gpx xmlns="http://www.topografix.com/GPX/1/1" xmlns:gpxtpx="http://www.garmin.com/xmlschemas/TrackPointExtension/v1" xmlns:xsi="http://www.w3.org/2001/XMLSchema-instance" xsi:schemaLocation="http://www.topografix.com/GPX/1/1 http://www.topografix.com/GPX/1/1/gpx.xsd" version="1.1" creator="gpx.py -- https://github.com/tkrajina/gpxpy">
  <trk>
    <name>gpx from keep</name>
    <type>Run</type>
    <trkseg>
      <trkpt lat="22.55153466300833" lon="113.88913639535656">
        <time>2026-08-22T12:34:16Z</time>
        <extensions>
          <gpxtpx:TrackPointExtension>
            <gpxtpx:hr>96</gpxtpx:hr>
          </gpxtpx:TrackPointExtension>
        </extensions>
      </trkpt>
      <trkpt lat="22.5515256650373" lon="113.88914040018373">
        <time>2026-08-22T12:34:17Z</time>
        <extensions>
          <gpxtpx:TrackPointExtension>
            <gpxtpx:hr>96</gpxtpx:hr>
          </gpxtpx:TrackPointExtension>
        </extensions>
      </trkpt>
      <trkpt lat="22.551512666690602" lon="113.88914240313424">
        <time>2026-08-22T12:34:18Z</time>
        <extensions>
          <gpxtpx:TrackPointExtension>
            <gpxtpx:hr>96</gpxtpx:hr>
          </gpxtpx:TrackPointExtension>
        </extensions>
      </trkpt>
      <trkpt lat="22.551492669207402" lon="113.88914540759127">
        <time>2026-08-22T12:34:19Z</time>
        <extensions>
          <gpxtpx:TrackPointExtension>
            <gpxtpx:hr>96</gpxtpx:hr>
          </gpxtpx:TrackPointExtension>
        </extensions>
      </trkpt>
      <trkpt lat="22.551472670372526" lon="113.88914440779095">
        <time>2026-08-22T12:34:20Z</time>
        <extensions>
          <gpxtpx:TrackPointExtension>
            <gpxtpx:hr>96</gpxtpx:hr>
          </gpxtpx:TrackPointExtension>
        </extensions>
      </trkpt>
      <trkpt lat="22.551451672963132" lon="113.88914741231089">
        <time>2026-08-22T12:34:21Z</time>
        <extensions>
          <gpxtpx:TrackPointExtension>
            <gpxtpx:hr>100</gpxtpx:hr>
          </gpxtpx:TrackPointExtension>
        </extensions>
      </trkpt>
      <trkpt lat="22.551427676790393" lon="113.88915342021203">
        <time>2026-08-22T12:34:22Z</time>
        <extensions>
          <gpxtpx:TrackPointExtension>
            <gpxtpx:hr>100</gpxtpx:hr>
          </gpxtpx:TrackPointExtension>
        </extensions>
      </trkpt>
      <trkpt lat="22.551397681739825" lon="113.88916143061797">
        <time>2026-08-22T12:34:23Z</time>
        <extensions>
          <gpxtpx:TrackPointExtension>
            <gpxtpx:hr>100</gpxtpx:hr>
          </gpxtpx:TrackPointExtension>
        </extensions>
      </trkpt>
      <trkpt lat="22.551378687206988" lon="113.88917344457836">
        <time>2026-08-22T12:34:24Z</time>
        <extensions>
          <gpxtpx:TrackPointExtension>
            <gpxtpx:hr>100</gpxtpx:hr>
          </gpxtpx:TrackPointExtension>
        </extensions>
      </trkpt>
      <trkpt lat="22.551373691281672" lon="113.88918445658503">
        <time>2026-08-22T12:34:25Z</time>
        <extensions>
          <gpxtpx:TrackPointExtension>
            <gpxtpx:hr>100</gpxtpx:hr>
          </gpxtpx:TrackPointExtension>
        </extensions>
      </trkpt>
      <trkpt lat="22.55136570395419" lon="113.88922049531328">
        <time>2026-08-22T12:34:26Z</time>
        <extensions>
          <gpxtpx:TrackPointExtension>
            <gpxtpx:hr>104</gpxtpx:hr>
          </gpxtpx:TrackPointExtension>
        </extensions>
      </trkpt>
      <trkpt lat="22.551362708191274" lon="113.88923250823092">
        <time>2026-08-22T12:34:27Z</time>
        <extensions>
          <gpxtpx:TrackPointExtension>
            <gpxtpx:hr>104</gpxtpx:hr>
          </gpxtpx:TrackPointExtension>
        </extensions>
      </trkpt>
      <trkpt lat="22.55135770923429" lon="113.88923451066763">
        <time>2026-08-22T12:34:28Z</time>
        <extensions>
          <gpxtpx:TrackPointExtension>
            <gpxtpx:hr>104</gpxtpx:hr>
          </gpxtpx:TrackPointExtension>
        </extensions>
      </trkpt>
      <trkpt lat="22.551340712512058" lon="113.88924051810308">
        <time>2026-08-22T12:34:29Z</time>
        <extensions>
          <gpxtpx:TrackPointExtension>
            <gpxtpx:hr>104</gpxtpx:hr>
          </gpxtpx:TrackPointExtension>
        </extensions>
      </trkpt>
      <trkpt lat="22.551322720527832" lon="113.88926054043263">
        <time>2026-08-22T12:34:30Z</time>
        <extensions>
          <gpxtpx:TrackPointExtension>
            <gpxtpx:hr>104</gpxtpx:hr>
          </gpxtpx:TrackPointExtension>
        </extensions>
      </trkpt>
      <trkpt lat="22.551302731994944" lon="113.88929057345113">
        <time>2026-08-22T12:34:31Z</time>
        <extensions>
          <gpxtpx:TrackPointExtension>
            <gpxtpx:hr>111</gpxtpx:hr>
          </gpxtpx:TrackPointExtension>
        </extensions>
      </trkpt>
      <trkpt lat="22.5512927373831" lon="113.88930458888814">
        <time>2026-08-22T12:34:32Z</time>
        <extensions>
          <gpxtpx:TrackPointExtension>
            <gpxtpx:hr>111</gpxtpx:hr>
          </gpxtpx:TrackPointExtension>
        </extensions>
      </trkpt>
      <trkpt lat="22.551275744938962" lon="113.88932361004106">
        <time>2026-08-22T12:34:33Z</time>
        <extensions>
          <gpxtpx:TrackPointExtension>
            <gpxtpx:hr>111</gpxtpx:hr>
          </gpxtpx:TrackPointExtension>
        </extensions>
      </trkpt>
      <trkpt lat="22.551258750171918" lon="113.88933562378831">
        <time>2026-08-22T12:34:34Z</time>
        <extensions>
          <gpxtpx:TrackPointExtension>
            <gpxtpx:hr>111</gpxtpx:hr>
          </gpxtpx:TrackPointExtension>
        </extensions>
      </trkpt>
      <trkpt lat="22.55124975710365" lon="113.88935464440935">
        <time>2026-08-22T12:34:35Z</time>
        <extensions>
          <gpxtpx:TrackPointExtension>
            <gpxtpx:hr>111</gpxtpx:hr>
          </gpxtpx:TrackPointExtension>
        </extensions>
      </trkpt>
      <trkpt lat="22.551227762365997" lon="113.88936565740153">
        <time>2026-08-22T12:34:36Z</time>
        <extensions>
          <gpxtpx:TrackPointExtension>
            <gpxtpx:hr>115</gpxtpx:hr>
          </gpxtpx:TrackPointExtension>
        </extensions>
      </trkpt>
      <trkpt lat="22.551205768934516" lon="113.88938067460384">
        <time>2026-08-22T12:34:37Z</time>
        <extensions>
          <gpxtpx:TrackPointExtension>
            <gpxtpx:hr>115</gpxtpx:hr>
          </gpxtpx:TrackPointExtension>
        </extensions>
      </trkpt>
      <trkpt lat="22.55118877544642" lon="113.88939669253321">
        <time>2026-08-22T12:34:38Z</time>
        <extensions>
          <gpxtpx:TrackPointExtension>
            <gpxtpx:hr>115</gpxtpx:hr>
          </gpxtpx:TrackPointExtension>
        </extensions>
      </trkpt>
      <trkpt lat="22.55116278359922" lon="113.88941571417685">
        <time>2026-08-22T12:34:39Z</time>
        <extensions>
          <gpxtpx:TrackPointExtension>
            <gpxtpx:hr>115</gpxtpx:hr>
          </gpxtpx:TrackPointExtension>
        </extensions>
      </trkpt>
      <trkpt lat="22.551144787227955" lon="113.88942272267892">
        <time>2026-08-22T12:34:40Z</time>
        <extensions>
          <gpxtpx:TrackPointExtension>
            <gpxtpx:hr>115</gpxtpx:hr>
          </gpxtpx:TrackPointExtension>
        </extensions>
      </trkpt>
      <trkpt lat="22.551133794563682" lon="113.88944274440358">
        <time>2026-08-22T12:34:41Z</time>
        <extensions>
          <gpxtpx:TrackPointExtension>
            <gpxtpx:hr>115</gpxtpx:hr>
          </gpxtpx:TrackPointExtension>
        </extensions>
      </trkpt>
      <trkpt lat="22.551111799782067" lon="113.8894537573525">
        <time>2026-08-22T12:34:42Z</time>
        <extensions>
          <gpxtpx:TrackPointExtension>
            <gpxtpx:hr>115</gpxtpx:hr>
          </gpxtpx:TrackPointExtension>
        </extensions>
      </trkpt>
      <trkpt lat="22.551096807389865" lon="113.88947377930222">
        <time>2026-08-22T12:34:43Z</time>
        <extensions>
          <gpxtpx:TrackPointExtension>
            <gpxtpx:hr>115</gpxtpx:hr>
          </gpxtpx:TrackPointExtension>
        </extensions>
      </trkpt>
      <trkpt lat="22.551078814558053" lon="113.88949179932607">
        <time>2026-08-22T12:34:44Z</time>
        <extensions>
          <gpxtpx:TrackPointExtension>
            <gpxtpx:hr>115</gpxtpx:hr>
          </gpxtpx:TrackPointExtension>
        </extensions>
      </trkpt>
      <trkpt lat="22.551060821712213" lon="113.88950981933543">
        <time>2026-08-22T12:34:45Z</time>
        <extensions>
          <gpxtpx:TrackPointExtension>
            <gpxtpx:hr>115</gpxtpx:hr>
          </gpxtpx:TrackPointExtension>
        </extensions>
      </trkpt>
      <trkpt lat="22.551049828652033" lon="113.88952883993517">
        <time>2026-08-22T12:34:46Z</time>
        <extensions>
          <gpxtpx:TrackPointExtension>
            <gpxtpx:hr>116</gpxtpx:hr>
          </gpxtpx:TrackPointExtension>
        </extensions>
      </trkpt>
      <trkpt lat="22.55103983582283" lon="113.88954886150186">
        <time>2026-08-22T12:34:47Z</time>
        <extensions>
          <gpxtpx:TrackPointExtension>
            <gpxtpx:hr>116</gpxtpx:hr>
          </gpxtpx:TrackPointExtension>
        </extensions>
      </trkpt>
      <trkpt lat="22.5510188428365" lon="113.88956588060944">
        <time>2026-08-22T12:34:48Z</time>
        <extensions>
          <gpxtpx:TrackPointExtension>
            <gpxtpx:hr>116</gpxtpx:hr>
          </gpxtpx:TrackPointExtension>
        </extensions>
      </trkpt>
      <trkpt lat="22.551001847941848" lon="113.8895778942269">
        <time>2026-08-22T12:34:49Z</time>
        <extensions>
          <gpxtpx:TrackPointExtension>
            <gpxtpx:hr>116</gpxtpx:hr>
          </gpxtpx:TrackPointExtension>
        </extensions>
      </trkpt>
      <trkpt lat="22.5509858561553" lon="113.88959991821704">
        <time>2026-08-22T12:34:50Z</time>
        <extensions>
          <gpxtpx:TrackPointExtension>
            <gpxtpx:hr>116</gpxtpx:hr>
          </gpxtpx:TrackPointExtension>
        </extensions>
      </trkpt>
      <trkpt lat="22.55097286062667" lon="113.88961093051998">
        <time>2026-08-22T12:34:51Z</time>
        <extensions>
          <gpxtpx:TrackPointExtension>
            <gpxtpx:hr>118</gpxtpx:hr>
          </gpxtpx:TrackPointExtension>
        </extensions>
      </trkpt>
      <trkpt lat="22.550956866904418" lon="113.88962694822165">
        <time>2026-08-22T12:34:52Z</time>
        <extensions>
          <gpxtpx:TrackPointExtension>
            <gpxtpx:hr>118</gpxtpx:hr>
          </gpxtpx:TrackPointExtension>
        </extensions>
      </trkpt>
      <trkpt lat="22.550938872686082" lon="113.889640963954">
        <time>2026-08-22T12:34:53Z</time>
        <extensions>
          <gpxtpx:TrackPointExtension>
            <gpxtpx:hr>118</gpxtpx:hr>
          </gpxtpx:TrackPointExtension>
        </extensions>
      </trkpt>
      <trkpt lat="22.55091987726763" lon="113.8896509755742">
        <time>2026-08-22T12:34:54Z</time>
        <extensions>
          <gpxtpx:TrackPointExtension>
            <gpxtpx:hr>118</gpxtpx:hr>
          </gpxtpx:TrackPointExtension>
        </extensions>
      </trkpt>
      <trkpt lat="22.550903886043038" lon="113.88967500157389">
        <time>2026-08-22T12:34:55Z</time>
        <extensions>
          <gpxtpx:TrackPointExtension>
            <gpxtpx:hr>118</gpxtpx:hr>
          </gpxtpx:TrackPointExtension>
        </extensions>
      </trkpt>
      <trkpt lat="22.550887892276304" lon="113.88969101922973">
        <time>2026-08-22T12:34:56Z</time>
        <extensions>
          <gpxtpx:TrackPointExtension>
            <gpxtpx:hr>123</gpxtpx:hr>
          </gpxtpx:TrackPointExtension>
        </extensions>
      </trkpt>
      <trkpt lat="22.550869896132244" lon="113.88969902868527">
        <time>2026-08-22T12:34:57Z</time>
        <extensions>
          <gpxtpx:TrackPointExtension>
            <gpxtpx:hr>123</gpxtpx:hr>
          </gpxtpx:TrackPointExtension>
        </extensions>
      </trkpt>
      <trkpt lat="22.550857903306458" lon="113.88971905022625">
        <time>2026-08-22T12:34:58Z</time>
        <extensions>
          <gpxtpx:TrackPointExtension>
            <gpxtpx:hr>123</gpxtpx:hr>
          </gpxtpx:TrackPointExtension>
        </extensions>
      </trkpt>
      <trkpt lat="22.550841909509153" lon="113.88973506785055">
        <time>2026-08-22T12:34:59Z</time>
        <extensions>
          <gpxtpx:TrackPointExtension>
            <gpxtpx:hr>123</gpxtpx:hr>
          </gpxtpx:TrackPointExtension>
        </extensions>
      </trkpt>
      <trkpt lat="22.550825915700745" lon="113.88975108546342">
        <time>2026-08-22T12:35:00Z</time>
        <extensions>
          <gpxtpx:TrackPointExtension>
            <gpxtpx:hr>123</gpxtpx:hr>
          </gpxtpx:TrackPointExtension>
        </extensions>
      </trkpt>
      <trkpt lat="22.550815922993472" lon="113.88977210786776">
        <time>2026-08-22T12:35:01Z</time>
        <extensions>
          <gpxtpx:TrackPointExtension>
            <gpxtpx:hr>125</gpxtpx:hr>
          </gpxtpx:TrackPointExtension>
        </extensions>
      </trkpt>
      <trkpt lat="22.55079092827334" lon="113.8897831208443">
        <time>2026-08-22T12:35:02Z</time>
        <extensions>
          <gpxtpx:TrackPointExtension>
            <gpxtpx:hr>125</gpxtpx:hr>
          </gpxtpx:TrackPointExtension>
        </extensions>
      </trkpt>
      <trkpt lat="22.550772933027833" lon="113.88979413337307">
        <time>2026-08-22T12:35:03Z</time>
        <extensions>
          <gpxtpx:TrackPointExtension>
            <gpxtpx:hr>125</gpxtpx:hr>
          </gpxtpx:TrackPointExtension>
        </extensions>
      </trkpt>
      <trkpt lat="22.550758937790093" lon="113.88980614667845">
        <time>2026-08-22T12:35:04Z</time>
        <extensions>
          <gpxtpx:TrackPointExtension>
            <gpxtpx:hr>125</gpxtpx:hr>
          </gpxtpx:TrackPointExtension>
        </extensions>
      </trkpt>
      <trkpt lat="22.55073994322641" lon="113.88981916132757">
        <time>2026-08-22T12:35:05Z</time>
        <extensions>
          <gpxtpx:TrackPointExtension>
            <gpxtpx:hr>125</gpxtpx:hr>
          </gpxtpx:TrackPointExtension>
        </extensions>
      </trkpt>
      <trkpt lat="22.5507339507784" lon="113.88984218548161">
        <time>2026-08-22T12:35:06Z</time>
        <extensions>
          <gpxtpx:TrackPointExtension>
            <gpxtpx:hr>125</gpxtpx:hr>
          </gpxtpx:TrackPointExtension>
        </extensions>
      </trkpt>
      <trkpt lat="22.550720955441562" lon="113.889854198698">
        <time>2026-08-22T12:35:07Z</time>
        <extensions>
          <gpxtpx:TrackPointExtension>
            <gpxtpx:hr>125</gpxtpx:hr>
          </gpxtpx:TrackPointExtension>
        </extensions>
      </trkpt>
      <trkpt lat="22.550705958400904" lon="113.8898602058409">
        <time>2026-08-22T12:35:08Z</time>
        <extensions>
          <gpxtpx:TrackPointExtension>
            <gpxtpx:hr>125</gpxtpx:hr>
          </gpxtpx:TrackPointExtension>
        </extensions>
      </trkpt>
      <trkpt lat="22.550699963150123" lon="113.88987422066882">
        <time>2026-08-22T12:35:09Z</time>
        <extensions>
          <gpxtpx:TrackPointExtension>
            <gpxtpx:hr>125</gpxtpx:hr>
          </gpxtpx:TrackPointExtension>
        </extensions>
      </trkpt>
      <trkpt lat="22.550668973113208" lon="113.8898992484073">
        <time>2026-08-22T12:35:10Z</time>
        <extensions>
          <gpxtpx:TrackPointExtension>
            <gpxtpx:hr>125</gpxtpx:hr>
          </gpxtpx:TrackPointExtension>
        </extensions>
      </trkpt>
      <trkpt lat="22.55065397728328" lon="113.88990925965913">
        <time>2026-08-22T12:35:11Z</time>
        <extensions>
          <gpxtpx:TrackPointExtension>
            <gpxtpx:hr>126</gpxtpx:hr>
          </gpxtpx:TrackPointExtension>
        </extensions>
      </trkpt>
      <trkpt lat="22.550633985784014" lon="113.88993228460508">
        <time>2026-08-22T12:35:12Z</time>
        <extensions>
          <gpxtpx:TrackPointExtension>
            <gpxtpx:hr>126</gpxtpx:hr>
          </gpxtpx:TrackPointExtension>
        </extensions>
      </trkpt>
      <trkpt lat="22.550612995247043" lon="113.88995831267462">
        <time>2026-08-22T12:35:13Z</time>
        <extensions>
          <gpxtpx:TrackPointExtension>
            <gpxtpx:hr>126</gpxtpx:hr>
          </gpxtpx:TrackPointExtension>
        </extensions>
      </trkpt>
      <trkpt lat="22.550590000589324" lon="113.8899703264605">
        <time>2026-08-22T12:35:14Z</time>
        <extensions>
          <gpxtpx:TrackPointExtension>
            <gpxtpx:hr>126</gpxtpx:hr>
          </gpxtpx:TrackPointExtension>
        </extensions>
      </trkpt>
      <trkpt lat="22.55058100609966" lon="113.88998634346247">
        <time>2026-08-22T12:35:15Z</time>
        <extensions>
          <gpxtpx:TrackPointExtension>
            <gpxtpx:hr>126</gpxtpx:hr>
          </gpxtpx:TrackPointExtension>
        </extensions>
      </trkpt>
      <trkpt lat="22.550563012566354" lon="113.89000336204766">
        <time>2026-08-22T12:35:16Z</time>
        <extensions>
          <gpxtpx:TrackPointExtension>
            <gpxtpx:hr>128</gpxtpx:hr>
          </gpxtpx:TrackPointExtension>
        </extensions>
      </trkpt>
      <trkpt lat="22.550542016832683" lon="113.89001237260646">
        <time>2026-08-22T12:35:17Z</time>
        <extensions>
          <gpxtpx:TrackPointExtension>
            <gpxtpx:hr>128</gpxtpx:hr>
          </gpxtpx:TrackPointExtension>
        </extensions>
      </trkpt>
      <trkpt lat="22.550521023501485" lon="113.8900293913614">
        <time>2026-08-22T12:35:18Z</time>
        <extensions>
          <gpxtpx:TrackPointExtension>
            <gpxtpx:hr>128</gpxtpx:hr>
          </gpxtpx:TrackPointExtension>
        </extensions>
      </trkpt>
      <trkpt lat="22.550502031209177" lon="113.8900504140727">
        <time>2026-08-22T12:35:19Z</time>
        <extensions>
          <gpxtpx:TrackPointExtension>
            <gpxtpx:hr>128</gpxtpx:hr>
          </gpxtpx:TrackPointExtension>
        </extensions>
      </trkpt>
      <trkpt lat="22.550484039122818" lon="113.89007243772393">
        <time>2026-08-22T12:35:20Z</time>
        <extensions>
          <gpxtpx:TrackPointExtension>
            <gpxtpx:hr>128</gpxtpx:hr>
          </gpxtpx:TrackPointExtension>
        </extensions>
      </trkpt>
      <trkpt lat="22.55048104441829" lon="113.89008945529564">
        <time>2026-08-22T12:35:21Z</time>
        <extensions>
          <gpxtpx:TrackPointExtension>
            <gpxtpx:hr>128</gpxtpx:hr>
          </gpxtpx:TrackPointExtension>
        </extensions>
      </trkpt>
      <trkpt lat="22.550472051928107" lon="113.89011247936072">
        <time>2026-08-22T12:35:22Z</time>
        <extensions>
          <gpxtpx:TrackPointExtension>
            <gpxtpx:hr>128</gpxtpx:hr>
          </gpxtpx:TrackPointExtension>
        </extensions>
      </trkpt>
      <trkpt lat="22.550476059640253" lon="113.89013950666036">
        <time>2026-08-22T12:35:23Z</time>
        <extensions>
          <gpxtpx:TrackPointExtension>
            <gpxtpx:hr>128</gpxtpx:hr>
          </gpxtpx:TrackPointExtension>
        </extensions>
      </trkpt>
      <trkpt lat="22.550476065846997" lon="113.89016052806738">
        <time>2026-08-22T12:35:24Z</time>
        <extensions>
          <gpxtpx:TrackPointExtension>
            <gpxtpx:hr>128</gpxtpx:hr>
          </gpxtpx:TrackPointExtension>
        </extensions>
      </trkpt>
      <trkpt lat="22.550474073947406" lon="113.89018755568796">
        <time>2026-08-22T12:35:25Z</time>
        <extensions>
          <gpxtpx:TrackPointExtension>
            <gpxtpx:hr>128</gpxtpx:hr>
          </gpxtpx:TrackPointExtension>
        </extensions>
      </trkpt>
      <trkpt lat="22.550463079164278" lon="113.89020257164344">
        <time>2026-08-22T12:35:26Z</time>
        <extensions>
          <gpxtpx:TrackPointExtension>
            <gpxtpx:hr>129</gpxtpx:hr>
          </gpxtpx:TrackPointExtension>
        </extensions>
      </trkpt>
      <trkpt lat="22.550467084434963" lon="113.89022159070603">
        <time>2026-08-22T12:35:27Z</time>
        <extensions>
          <gpxtpx:TrackPointExtension>
            <gpxtpx:hr>129</gpxtpx:hr>
          </gpxtpx:TrackPointExtension>
        </extensions>
      </trkpt>
      <trkpt lat="22.550469088378794" lon="113.89023560480163">
        <time>2026-08-22T12:35:28Z</time>
        <extensions>
          <gpxtpx:TrackPointExtension>
            <gpxtpx:hr>129</gpxtpx:hr>
          </gpxtpx:TrackPointExtension>
        </extensions>
      </trkpt>
      <trkpt lat="22.550470090930833" lon="113.89024461387649">
        <time>2026-08-22T12:35:29Z</time>
        <extensions>
          <gpxtpx:TrackPointExtension>
            <gpxtpx:hr>129</gpxtpx:hr>
          </gpxtpx:TrackPointExtension>
        </extensions>
      </trkpt>
      <trkpt lat="22.550479092015102" lon="113.8902506193978">
        <time>2026-08-22T12:35:30Z</time>
        <extensions>
          <gpxtpx:TrackPointExtension>
            <gpxtpx:hr>129</gpxtpx:hr>
          </gpxtpx:TrackPointExtension>
        </extensions>
      </trkpt>
      <trkpt lat="22.55049209454801" lon="113.89026263075151">
        <time>2026-08-22T12:35:31Z</time>
        <extensions>
          <gpxtpx:TrackPointExtension>
            <gpxtpx:hr>128</gpxtpx:hr>
          </gpxtpx:TrackPointExtension>
        </extensions>
      </trkpt>
      <trkpt lat="22.5505040980192" lon="113.89027764520311">
        <time>2026-08-22T12:35:32Z</time>
        <extensions>
          <gpxtpx:TrackPointExtension>
            <gpxtpx:hr>128</gpxtpx:hr>
          </gpxtpx:TrackPointExtension>
        </extensions>
      </trkpt>
      <trkpt lat="22.550520102343025" lon="113.8902966634434">
        <time>2026-08-22T12:35:33Z</time>
        <extensions>
          <gpxtpx:TrackPointExtension>
            <gpxtpx:hr>128</gpxtpx:hr>
          </gpxtpx:TrackPointExtension>
        </extensions>
      </trkpt>
      <trkpt lat="22.55054410663707" lon="113.89031768318576">
        <time>2026-08-22T12:35:34Z</time>
        <extensions>
          <gpxtpx:TrackPointExtension>
            <gpxtpx:hr>128</gpxtpx:hr>
          </gpxtpx:TrackPointExtension>
        </extensions>
      </trkpt>
      <trkpt lat="22.550559111289566" lon="113.89033770246604">
        <time>2026-08-22T12:35:35Z</time>
        <extensions>
          <gpxtpx:TrackPointExtension>
            <gpxtpx:hr>128</gpxtpx:hr>
          </gpxtpx:TrackPointExtension>
        </extensions>
      </trkpt>
      <trkpt lat="22.55057211693298" lon="113.89036072488472">
        <time>2026-08-22T12:35:36Z</time>
        <extensions>
          <gpxtpx:TrackPointExtension>
            <gpxtpx:hr>132</gpxtpx:hr>
          </gpxtpx:TrackPointExtension>
        </extensions>
      </trkpt>
      <trkpt lat="22.55058512711965" lon="113.89039976341606">
        <time>2026-08-22T12:35:37Z</time>
        <extensions>
          <gpxtpx:TrackPointExtension>
            <gpxtpx:hr>132</gpxtpx:hr>
          </gpxtpx:TrackPointExtension>
        </extensions>
      </trkpt>
      <trkpt lat="22.550604132258442" lon="113.89042278539146">
        <time>2026-08-22T12:35:38Z</time>
        <extensions>
          <gpxtpx:TrackPointExtension>
            <gpxtpx:hr>132</gpxtpx:hr>
          </gpxtpx:TrackPointExtension>
        </extensions>
      </trkpt>
      <trkpt lat="22.5506201370302" lon="113.89044380552035">
        <time>2026-08-22T12:35:39Z</time>
        <extensions>
          <gpxtpx:TrackPointExtension>
            <gpxtpx:hr>132</gpxtpx:hr>
          </gpxtpx:TrackPointExtension>
        </extensions>
      </trkpt>
      <trkpt lat="22.55063713860133" lon="113.89045381450579">
        <time>2026-08-22T12:35:40Z</time>
        <extensions>
          <gpxtpx:TrackPointExtension>
            <gpxtpx:hr>132</gpxtpx:hr>
          </gpxtpx:TrackPointExtension>
        </extensions>
      </trkpt>
      <trkpt lat="22.550652140033627" lon="113.89046282260782">
        <time>2026-08-22T12:35:41Z</time>
        <extensions>
          <gpxtpx:TrackPointExtension>
            <gpxtpx:hr>134</gpxtpx:hr>
          </gpxtpx:TrackPointExtension>
        </extensions>
      </trkpt>
      <trkpt lat="22.55064214190323" lon="113.89046682726067">
        <time>2026-08-22T12:35:42Z</time>
        <extensions>
          <gpxtpx:TrackPointExtension>
            <gpxtpx:hr>134</gpxtpx:hr>
          </gpxtpx:TrackPointExtension>
        </extensions>
      </trkpt>
      <trkpt lat="22.550654144961197" lon="113.89048084057016">
        <time>2026-08-22T12:35:43Z</time>
        <extensions>
          <gpxtpx:TrackPointExtension>
            <gpxtpx:hr>134</gpxtpx:hr>
          </gpxtpx:TrackPointExtension>
        </extensions>
      </trkpt>
      <trkpt lat="22.550680149220252" lon="113.89050286101593">
        <time>2026-08-22T12:35:44Z</time>
        <extensions>
          <gpxtpx:TrackPointExtension>
            <gpxtpx:hr>134</gpxtpx:hr>
          </gpxtpx:TrackPointExtension>
        </extensions>
      </trkpt>
      <trkpt lat="22.550692153096364" lon="113.89051987731126">
        <time>2026-08-22T12:35:45Z</time>
        <extensions>
          <gpxtpx:TrackPointExtension>
            <gpxtpx:hr>134</gpxtpx:hr>
          </gpxtpx:TrackPointExtension>
        </extensions>
      </trkpt>
      <trkpt lat="22.55070015976793" lon="113.89054590286253">
        <time>2026-08-22T12:35:46Z</time>
        <extensions>
          <gpxtpx:TrackPointExtension>
            <gpxtpx:hr>136</gpxtpx:hr>
          </gpxtpx:TrackPointExtension>
        </extensions>
      </trkpt>
      <trkpt lat="22.550709163000615" lon="113.89055991631182">
        <time>2026-08-22T12:35:47Z</time>
        <extensions>
          <gpxtpx:TrackPointExtension>
            <gpxtpx:hr>136</gpxtpx:hr>
          </gpxtpx:TrackPointExtension>
        </extensions>
      </trkpt>
      <trkpt lat="22.55073116637127" lon="113.89057793293182">
        <time>2026-08-22T12:35:48Z</time>
        <extensions>
          <gpxtpx:TrackPointExtension>
            <gpxtpx:hr>136</gpxtpx:hr>
          </gpxtpx:TrackPointExtension>
        </extensions>
      </trkpt>
      <trkpt lat="22.55076016837784" lon="113.89059294609667">
        <time>2026-08-22T12:35:49Z</time>
        <extensions>
          <gpxtpx:TrackPointExtension>
            <gpxtpx:hr>136</gpxtpx:hr>
          </gpxtpx:TrackPointExtension>
        </extensions>
      </trkpt>
      <trkpt lat="22.550776170509845" lon="113.89060495707622">
        <time>2026-08-22T12:35:50Z</time>
        <extensions>
          <gpxtpx:TrackPointExtension>
            <gpxtpx:hr>136</gpxtpx:hr>
          </gpxtpx:TrackPointExtension>
        </extensions>
      </trkpt>
      <trkpt lat="22.550797171160475" lon="113.89061296373937">
        <time>2026-08-22T12:35:51Z</time>
        <extensions>
          <gpxtpx:TrackPointExtension>
            <gpxtpx:hr>137</gpxtpx:hr>
          </gpxtpx:TrackPointExtension>
        </extensions>
      </trkpt>
      <trkpt lat="22.5508181740119" lon="113.89062897838397">
        <time>2026-08-22T12:35:52Z</time>
        <extensions>
          <gpxtpx:TrackPointExtension>
            <gpxtpx:hr>137</gpxtpx:hr>
          </gpxtpx:TrackPointExtension>
        </extensions>
      </trkpt>
      <trkpt lat="22.550836180641873" lon="113.89065800616561">
        <time>2026-08-22T12:35:53Z</time>
        <extensions>
          <gpxtpx:TrackPointExtension>
            <gpxtpx:hr>137</gpxtpx:hr>
          </gpxtpx:TrackPointExtension>
        </extensions>
      </trkpt>
      <trkpt lat="22.550851184727794" lon="113.89067702414421">
        <time>2026-08-22T12:35:54Z</time>
        <extensions>
          <gpxtpx:TrackPointExtension>
            <gpxtpx:hr>137</gpxtpx:hr>
          </gpxtpx:TrackPointExtension>
        </extensions>
      </trkpt>
      <trkpt lat="22.55086019223912" lon="113.89070705342617">
        <time>2026-08-22T12:35:55Z</time>
        <extensions>
          <gpxtpx:TrackPointExtension>
            <gpxtpx:hr>137</gpxtpx:hr>
          </gpxtpx:TrackPointExtension>
        </extensions>
      </trkpt>
      <trkpt lat="22.550882193321854" lon="113.89071706197727">
        <time>2026-08-22T12:35:56Z</time>
        <extensions>
          <gpxtpx:TrackPointExtension>
            <gpxtpx:hr>138</gpxtpx:hr>
          </gpxtpx:TrackPointExtension>
        </extensions>
      </trkpt>
      <trkpt lat="22.550905195409758" lon="113.89073107443407">
        <time>2026-08-22T12:35:57Z</time>
        <extensions>
          <gpxtpx:TrackPointExtension>
            <gpxtpx:hr>138</gpxtpx:hr>
          </gpxtpx:TrackPointExtension>
        </extensions>
      </trkpt>
      <trkpt lat="22.550906199125542" lon="113.89074508827217">
        <time>2026-08-22T12:35:58Z</time>
        <extensions>
          <gpxtpx:TrackPointExtension>
            <gpxtpx:hr>138</gpxtpx:hr>
          </gpxtpx:TrackPointExtension>
        </extensions>
      </trkpt>
      <trkpt lat="22.550935198319333" lon="113.89075009140234">
        <time>2026-08-22T12:35:59Z</time>
        <extensions>
          <gpxtpx:TrackPointExtension>
            <gpxtpx:hr>138</gpxtpx:hr>
          </gpxtpx:TrackPointExtension>
        </extensions>
      </trkpt>
      <trkpt lat="22.550950200981685" lon="113.89076410434382">
        <time>2026-08-22T12:36:00Z</time>
        <extensions>
          <gpxtpx:TrackPointExtension>
            <gpxtpx:hr>138</gpxtpx:hr>
          </gpxtpx:TrackPointExtension>
        </extensions>
      </trkpt>
      <trkpt lat="22.550980201172607" lon="113.89077311137237">
        <time>2026-08-22T12:36:01Z</time>
        <extensions>
          <gpxtpx:TrackPointExtension>
            <gpxtpx:hr>138</gpxtpx:hr>
          </gpxtpx:TrackPointExtension>
        </extensions>
      </trkpt>
      <trkpt lat="22.551016201180584" lon="113.89078311900907">
        <time>2026-08-22T12:36:02Z</time>
        <extensions>
          <gpxtpx:TrackPointExtension>
            <gpxtpx:hr>138</gpxtpx:hr>
          </gpxtpx:TrackPointExtension>
        </extensions>
      </trkpt>
      <trkpt lat="22.551032205355813" lon="113.89080313780745">
        <time>2026-08-22T12:36:03Z</time>
        <extensions>
          <gpxtpx:TrackPointExtension>
            <gpxtpx:hr>138</gpxtpx:hr>
          </gpxtpx:TrackPointExtension>
        </extensions>
      </trkpt>
      <trkpt lat="22.5510422139633" lon="113.89083817179858">
        <time>2026-08-22T12:36:04Z</time>
        <extensions>
          <gpxtpx:TrackPointExtension>
            <gpxtpx:hr>138</gpxtpx:hr>
          </gpxtpx:TrackPointExtension>
        </extensions>
      </trkpt>
      <trkpt lat="22.551053220057383" lon="113.89086419678769">
        <time>2026-08-22T12:36:05Z</time>
        <extensions>
          <gpxtpx:TrackPointExtension>
            <gpxtpx:hr>138</gpxtpx:hr>
          </gpxtpx:TrackPointExtension>
        </extensions>
      </trkpt>
      <trkpt lat="22.55107122401397" lon="113.8908842153866">
        <time>2026-08-22T12:36:06Z</time>
        <extensions>
          <gpxtpx:TrackPointExtension>
            <gpxtpx:hr>138</gpxtpx:hr>
          </gpxtpx:TrackPointExtension>
        </extensions>
      </trkpt>
      <trkpt lat="22.551098228072345" lon="113.89090723635499">
        <time>2026-08-22T12:36:07Z</time>
        <extensions>
          <gpxtpx:TrackPointExtension>
            <gpxtpx:hr>138</gpxtpx:hr>
          </gpxtpx:TrackPointExtension>
        </extensions>
      </trkpt>
      <trkpt lat="22.55110323112188" lon="113.89092024884447">
        <time>2026-08-22T12:36:08Z</time>
        <extensions>
          <gpxtpx:TrackPointExtension>
            <gpxtpx:hr>138</gpxtpx:hr>
          </gpxtpx:TrackPointExtension>
        </extensions>
      </trkpt>
      <trkpt lat="22.55111623566528" lon="113.89094126869259">
        <time>2026-08-22T12:36:09Z</time>
        <extensions>
          <gpxtpx:TrackPointExtension>
            <gpxtpx:hr>138</gpxtpx:hr>
          </gpxtpx:TrackPointExtension>
        </extensions>
      </trkpt>
      <trkpt lat="22.551131239779135" lon="113.89096128741156">
        <time>2026-08-22T12:36:10Z</time>
        <extensions>
          <gpxtpx:TrackPointExtension>
            <gpxtpx:hr>138</gpxtpx:hr>
          </gpxtpx:TrackPointExtension>
        </extensions>
      </trkpt>
      <trkpt lat="22.5511522408211" lon="113.89097129591126">
        <time>2026-08-22T12:36:11Z</time>
        <extensions>
          <gpxtpx:TrackPointExtension>
            <gpxtpx:hr>138</gpxtpx:hr>
          </gpxtpx:TrackPointExtension>
        </extensions>
      </trkpt>
      <trkpt lat="22.551168245094043" lon="113.89099231552147">
        <time>2026-08-22T12:36:12Z</time>
        <extensions>
          <gpxtpx:TrackPointExtension>
            <gpxtpx:hr>138</gpxtpx:hr>
          </gpxtpx:TrackPointExtension>
        </extensions>
      </trkpt>
      <trkpt lat="22.551183249422696" lon="113.89101333517493">
        <time>2026-08-22T12:36:13Z</time>
        <extensions>
          <gpxtpx:TrackPointExtension>
            <gpxtpx:hr>138</gpxtpx:hr>
          </gpxtpx:TrackPointExtension>
        </extensions>
      </trkpt>
      <trkpt lat="22.551202252916795" lon="113.8910323525965">
        <time>2026-08-22T12:36:14Z</time>
        <extensions>
          <gpxtpx:TrackPointExtension>
            <gpxtpx:hr>138</gpxtpx:hr>
          </gpxtpx:TrackPointExtension>
        </extensions>
      </trkpt>
      <trkpt lat="22.551226257307825" lon="113.89105637457934">
        <time>2026-08-22T12:36:15Z</time>
        <extensions>
          <gpxtpx:TrackPointExtension>
            <gpxtpx:hr>138</gpxtpx:hr>
          </gpxtpx:TrackPointExtension>
        </extensions>
      </trkpt>
      <trkpt lat="22.551239260702204" lon="113.89107339038752">
        <time>2026-08-22T12:36:16Z</time>
        <extensions>
          <gpxtpx:TrackPointExtension>
            <gpxtpx:hr>138</gpxtpx:hr>
          </gpxtpx:TrackPointExtension>
        </extensions>
      </trkpt>
      <trkpt lat="22.551248264127633" lon="113.89108940545832">
        <time>2026-08-22T12:36:17Z</time>
        <extensions>
          <gpxtpx:TrackPointExtension>
            <gpxtpx:hr>138</gpxtpx:hr>
          </gpxtpx:TrackPointExtension>
        </extensions>
      </trkpt>
      <trkpt lat="22.55126426676292" lon="113.89110441909884">
        <time>2026-08-22T12:36:18Z</time>
        <extensions>
          <gpxtpx:TrackPointExtension>
            <gpxtpx:hr>138</gpxtpx:hr>
          </gpxtpx:TrackPointExtension>
        </extensions>
      </trkpt>
      <trkpt lat="22.551281270585754" lon="113.89112443754416">
        <time>2026-08-22T12:36:19Z</time>
        <extensions>
          <gpxtpx:TrackPointExtension>
            <gpxtpx:hr>138</gpxtpx:hr>
          </gpxtpx:TrackPointExtension>
        </extensions>
      </trkpt>
      <trkpt lat="22.551312275369146" lon="113.89115246288232">
        <time>2026-08-22T12:36:20Z</time>
        <extensions>
          <gpxtpx:TrackPointExtension>
            <gpxtpx:hr>138</gpxtpx:hr>
          </gpxtpx:TrackPointExtension>
        </extensions>
      </trkpt>
      <trkpt lat="22.55132427851523" lon="113.89116847770643">
        <time>2026-08-22T12:36:21Z</time>
        <extensions>
          <gpxtpx:TrackPointExtension>
            <gpxtpx:hr>139</gpxtpx:hr>
          </gpxtpx:TrackPointExtension>
        </extensions>
      </trkpt>
      <trkpt lat="22.55133728056773" lon="113.89118048856416">
        <time>2026-08-22T12:36:22Z</time>
        <extensions>
          <gpxtpx:TrackPointExtension>
            <gpxtpx:hr>139</gpxtpx:hr>
          </gpxtpx:TrackPointExtension>
        </extensions>
      </trkpt>
      <trkpt lat="22.55135228271539" lon="113.89119350026142">
        <time>2026-08-22T12:36:23Z</time>
        <extensions>
          <gpxtpx:TrackPointExtension>
            <gpxtpx:hr>139</gpxtpx:hr>
          </gpxtpx:TrackPointExtension>
        </extensions>
      </trkpt>
      <trkpt lat="22.5513642853314" lon="113.89120751311242">
        <time>2026-08-22T12:36:24Z</time>
        <extensions>
          <gpxtpx:TrackPointExtension>
            <gpxtpx:hr>139</gpxtpx:hr>
          </gpxtpx:TrackPointExtension>
        </extensions>
      </trkpt>
      <trkpt lat="22.55137728736333" lon="113.89121952394899">
        <time>2026-08-22T12:36:25Z</time>
        <extensions>
          <gpxtpx:TrackPointExtension>
            <gpxtpx:hr>139</gpxtpx:hr>
          </gpxtpx:TrackPointExtension>
        </extensions>
      </trkpt>
      <trkpt lat="22.551391290063137" lon="113.89123453762771">
        <time>2026-08-22T12:36:26Z</time>
        <extensions>
          <gpxtpx:TrackPointExtension>
            <gpxtpx:hr>140</gpxtpx:hr>
          </gpxtpx:TrackPointExtension>
        </extensions>
      </trkpt>
      <trkpt lat="22.55140429158241" lon="113.89124454650951">
        <time>2026-08-22T12:36:27Z</time>
        <extensions>
          <gpxtpx:TrackPointExtension>
            <gpxtpx:hr>140</gpxtpx:hr>
          </gpxtpx:TrackPointExtension>
        </extensions>
      </trkpt>
      <trkpt lat="22.551429291200726" lon="113.89125055074965">
        <time>2026-08-22T12:36:28Z</time>
        <extensions>
          <gpxtpx:TrackPointExtension>
            <gpxtpx:hr>140</gpxtpx:hr>
          </gpxtpx:TrackPointExtension>
        </extensions>
      </trkpt>
      <trkpt lat="22.55144729258563" lon="113.89126156027764">
        <time>2026-08-22T12:36:29Z</time>
        <extensions>
          <gpxtpx:TrackPointExtension>
            <gpxtpx:hr>140</gpxtpx:hr>
          </gpxtpx:TrackPointExtension>
        </extensions>
      </trkpt>
      <trkpt lat="22.551467293566628" lon="113.89127156870495">
        <time>2026-08-22T12:36:30Z</time>
        <extensions>
          <gpxtpx:TrackPointExtension>
            <gpxtpx:hr>140</gpxtpx:hr>
          </gpxtpx:TrackPointExtension>
        </extensions>
      </trkpt>
      <trkpt lat="22.551480295811746" lon="113.89128458047509">
        <time>2026-08-22T12:36:31Z</time>
        <extensions>
          <gpxtpx:TrackPointExtension>
            <gpxtpx:hr>142</gpxtpx:hr>
          </gpxtpx:TrackPointExtension>
        </extensions>
      </trkpt>
      <trkpt lat="22.551495297157924" lon="113.8912945892079">
        <time>2026-08-22T12:36:32Z</time>
        <extensions>
          <gpxtpx:TrackPointExtension>
            <gpxtpx:hr>142</gpxtpx:hr>
          </gpxtpx:TrackPointExtension>
        </extensions>
      </trkpt>
      <trkpt lat="22.55149930277622" lon="113.89131861217015">
        <time>2026-08-22T12:36:33Z</time>
        <extensions>
          <gpxtpx:TrackPointExtension>
            <gpxtpx:hr>142</gpxtpx:hr>
          </gpxtpx:TrackPointExtension>
        </extensions>
      </trkpt>
      <trkpt lat="22.551508307994133" lon="113.89134263479039">
        <time>2026-08-22T12:36:34Z</time>
        <extensions>
          <gpxtpx:TrackPointExtension>
            <gpxtpx:hr>142</gpxtpx:hr>
          </gpxtpx:TrackPointExtension>
        </extensions>
      </trkpt>
      <trkpt lat="22.551515315045283" lon="113.89137366426182">
        <time>2026-08-22T12:36:35Z</time>
        <extensions>
          <gpxtpx:TrackPointExtension>
            <gpxtpx:hr>142</gpxtpx:hr>
          </gpxtpx:TrackPointExtension>
        </extensions>
      </trkpt>
      <trkpt lat="22.55153031756914" lon="113.89138867777282">
        <time>2026-08-22T12:36:36Z</time>
        <extensions>
          <gpxtpx:TrackPointExtension>
            <gpxtpx:hr>142</gpxtpx:hr>
          </gpxtpx:TrackPointExtension>
        </extensions>
      </trkpt>
      <trkpt lat="22.551547321629112" lon="113.89141069788644">
        <time>2026-08-22T12:36:37Z</time>
        <extensions>
          <gpxtpx:TrackPointExtension>
            <gpxtpx:hr>142</gpxtpx:hr>
          </gpxtpx:TrackPointExtension>
        </extensions>
      </trkpt>
      <trkpt lat="22.551554325696593" lon="113.89142971572501">
        <time>2026-08-22T12:36:38Z</time>
        <extensions>
          <gpxtpx:TrackPointExtension>
            <gpxtpx:hr>142</gpxtpx:hr>
          </gpxtpx:TrackPointExtension>
        </extensions>
      </trkpt>
      <trkpt lat="22.55156732881588" lon="113.89144673124633">
        <time>2026-08-22T12:36:39Z</time>
        <extensions>
          <gpxtpx:TrackPointExtension>
            <gpxtpx:hr>142</gpxtpx:hr>
          </gpxtpx:TrackPointExtension>
        </extensions>
      </trkpt>
      <trkpt lat="22.55159332998387" lon="113.89145974209207">
        <time>2026-08-22T12:36:40Z</time>
        <extensions>
          <gpxtpx:TrackPointExtension>
            <gpxtpx:hr>142</gpxtpx:hr>
          </gpxtpx:TrackPointExtension>
        </extensions>
      </trkpt>
      <trkpt lat="22.551608335560907" lon="113.89148776801667">
        <time>2026-08-22T12:36:41Z</time>
        <extensions>
          <gpxtpx:TrackPointExtension>
            <gpxtpx:hr>143</gpxtpx:hr>
          </gpxtpx:TrackPointExtension>
        </extensions>
      </trkpt>
      <trkpt lat="22.551624337934836" lon="113.89150278138702">
        <time>2026-08-22T12:36:42Z</time>
        <extensions>
          <gpxtpx:TrackPointExtension>
            <gpxtpx:hr>143</gpxtpx:hr>
          </gpxtpx:TrackPointExtension>
        </extensions>
      </trkpt>
      <trkpt lat="22.55164433975977" lon="113.8915167935367">
        <time>2026-08-22T12:36:43Z</time>
        <extensions>
          <gpxtpx:TrackPointExtension>
            <gpxtpx:hr>143</gpxtpx:hr>
          </gpxtpx:TrackPointExtension>
        </extensions>
      </trkpt>
      <trkpt lat="22.55165734281457" lon="113.89153380899099">
        <time>2026-08-22T12:36:44Z</time>
        <extensions>
          <gpxtpx:TrackPointExtension>
            <gpxtpx:hr>143</gpxtpx:hr>
          </gpxtpx:TrackPointExtension>
        </extensions>
      </trkpt>
      <trkpt lat="22.55167234641459" lon="113.89155382717432">
        <time>2026-08-22T12:36:45Z</time>
        <extensions>
          <gpxtpx:TrackPointExtension>
            <gpxtpx:hr>143</gpxtpx:hr>
          </gpxtpx:TrackPointExtension>
        </extensions>
      </trkpt>
      <trkpt lat="22.551685348500232" lon="113.89156683877843">
        <time>2026-08-22T12:36:46Z</time>
        <extensions>
          <gpxtpx:TrackPointExtension>
            <gpxtpx:hr>143</gpxtpx:hr>
          </gpxtpx:TrackPointExtension>
        </extensions>
      </trkpt>
      <trkpt lat="22.55170635208832" lon="113.89158885846184">
        <time>2026-08-22T12:36:47Z</time>
        <extensions>
          <gpxtpx:TrackPointExtension>
            <gpxtpx:hr>143</gpxtpx:hr>
          </gpxtpx:TrackPointExtension>
        </extensions>
      </trkpt>
      <trkpt lat="22.55172635549697" lon="113.89160987723298">
        <time>2026-08-22T12:36:48Z</time>
        <extensions>
          <gpxtpx:TrackPointExtension>
            <gpxtpx:hr>143</gpxtpx:hr>
          </gpxtpx:TrackPointExtension>
        </extensions>
      </trkpt>
      <trkpt lat="22.551749359125413" lon="113.8916328976997">
        <time>2026-08-22T12:36:49Z</time>
        <extensions>
          <gpxtpx:TrackPointExtension>
            <gpxtpx:hr>143</gpxtpx:hr>
          </gpxtpx:TrackPointExtension>
        </extensions>
      </trkpt>
      <trkpt lat="22.55176836419102" lon="113.89166092315196">
        <time>2026-08-22T12:36:50Z</time>
        <extensions>
          <gpxtpx:TrackPointExtension>
            <gpxtpx:hr>143</gpxtpx:hr>
          </gpxtpx:TrackPointExtension>
        </extensions>
      </trkpt>
      <trkpt lat="22.551785366837272" lon="113.89167793824251">
        <time>2026-08-22T12:36:51Z</time>
        <extensions>
          <gpxtpx:TrackPointExtension>
            <gpxtpx:hr>142</gpxtpx:hr>
          </gpxtpx:TrackPointExtension>
        </extensions>
      </trkpt>
      <trkpt lat="22.551804369089574" lon="113.89169395224386">
        <time>2026-08-22T12:36:52Z</time>
        <extensions>
          <gpxtpx:TrackPointExtension>
            <gpxtpx:hr>142</gpxtpx:hr>
          </gpxtpx:TrackPointExtension>
        </extensions>
      </trkpt>
      <trkpt lat="22.551829371106358" lon="113.89171096680349">
        <time>2026-08-22T12:36:53Z</time>
        <extensions>
          <gpxtpx:TrackPointExtension>
            <gpxtpx:hr>142</gpxtpx:hr>
          </gpxtpx:TrackPointExtension>
        </extensions>
      </trkpt>
      <trkpt lat="22.551848373106285" lon="113.8917259798326">
        <time>2026-08-22T12:36:54Z</time>
        <extensions>
          <gpxtpx:TrackPointExtension>
            <gpxtpx:hr>142</gpxtpx:hr>
          </gpxtpx:TrackPointExtension>
        </extensions>
      </trkpt>
      <trkpt lat="22.55185837554878" lon="113.89173999247251">
        <time>2026-08-22T12:36:55Z</time>
        <extensions>
          <gpxtpx:TrackPointExtension>
            <gpxtpx:hr>142</gpxtpx:hr>
          </gpxtpx:TrackPointExtension>
        </extensions>
      </trkpt>
      <trkpt lat="22.55187737684661" lon="113.89175200264073">
        <time>2026-08-22T12:36:56Z</time>
        <extensions>
          <gpxtpx:TrackPointExtension>
            <gpxtpx:hr>141</gpxtpx:hr>
          </gpxtpx:TrackPointExtension>
        </extensions>
      </trkpt>
      <trkpt lat="22.551897379651237" lon="113.89177101936414">
        <time>2026-08-22T12:36:57Z</time>
        <extensions>
          <gpxtpx:TrackPointExtension>
            <gpxtpx:hr>141</gpxtpx:hr>
          </gpxtpx:TrackPointExtension>
        </extensions>
      </trkpt>
      <trkpt lat="22.55190138365123" lon="113.89179003708209">
        <time>2026-08-22T12:36:58Z</time>
        <extensions>
          <gpxtpx:TrackPointExtension>
            <gpxtpx:hr>141</gpxtpx:hr>
          </gpxtpx:TrackPointExtension>
        </extensions>
      </trkpt>
      <trkpt lat="22.551924386422495" lon="113.89181005452768">
        <time>2026-08-22T12:36:59Z</time>
        <extensions>
          <gpxtpx:TrackPointExtension>
            <gpxtpx:hr>141</gpxtpx:hr>
          </gpxtpx:TrackPointExtension>
        </extensions>
      </trkpt>
      <trkpt lat="22.551925392859715" lon="113.89183908183549">
        <time>2026-08-22T12:37:00Z</time>
        <extensions>
          <gpxtpx:TrackPointExtension>
            <gpxtpx:hr>141</gpxtpx:hr>
          </gpxtpx:TrackPointExtension>
        </extensions>
      </trkpt>
      <trkpt lat="22.551926397031636" lon="113.8918580996843">
        <time>2026-08-22T12:37:01Z</time>
        <extensions>
          <gpxtpx:TrackPointExtension>
            <gpxtpx:hr>140</gpxtpx:hr>
          </gpxtpx:TrackPointExtension>
        </extensions>
      </trkpt>
      <trkpt lat="22.551929401259017" lon="113.89187811833177">
        <time>2026-08-22T12:37:02Z</time>
        <extensions>
          <gpxtpx:TrackPointExtension>
            <gpxtpx:hr>140</gpxtpx:hr>
          </gpxtpx:TrackPointExtension>
        </extensions>
      </trkpt>
      <trkpt lat="22.551938401466245" lon="113.89188212152837">
        <time>2026-08-22T12:37:03Z</time>
        <extensions>
          <gpxtpx:TrackPointExtension>
            <gpxtpx:hr>140</gpxtpx:hr>
          </gpxtpx:TrackPointExtension>
        </extensions>
      </trkpt>
      <trkpt lat="22.55195040521258" lon="113.89190314052566">
        <time>2026-08-22T12:37:04Z</time>
        <extensions>
          <gpxtpx:TrackPointExtension>
            <gpxtpx:hr>140</gpxtpx:hr>
          </gpxtpx:TrackPointExtension>
        </extensions>
      </trkpt>
      <trkpt lat="22.551965409373388" lon="113.8919271621311">
        <time>2026-08-22T12:37:05Z</time>
        <extensions>
          <gpxtpx:TrackPointExtension>
            <gpxtpx:hr>140</gpxtpx:hr>
          </gpxtpx:TrackPointExtension>
        </extensions>
      </trkpt>
      <trkpt lat="22.551989412169334" lon="113.89194818032726">
        <time>2026-08-22T12:37:06Z</time>
        <extensions>
          <gpxtpx:TrackPointExtension>
            <gpxtpx:hr>140</gpxtpx:hr>
          </gpxtpx:TrackPointExtension>
        </extensions>
      </trkpt>
      <trkpt lat="22.55200341395534" lon="113.89196119163567">
        <time>2026-08-22T12:37:07Z</time>
        <extensions>
          <gpxtpx:TrackPointExtension>
            <gpxtpx:hr>140</gpxtpx:hr>
          </gpxtpx:TrackPointExtension>
        </extensions>
      </trkpt>
      <trkpt lat="22.552012416549413" lon="113.89197620512628">
        <time>2026-08-22T12:37:08Z</time>
        <extensions>
          <gpxtpx:TrackPointExtension>
            <gpxtpx:hr>140</gpxtpx:hr>
          </gpxtpx:TrackPointExtension>
        </extensions>
      </trkpt>
      <trkpt lat="22.5520334203961" lon="113.89200122720882">
        <time>2026-08-22T12:37:09Z</time>
        <extensions>
          <gpxtpx:TrackPointExtension>
            <gpxtpx:hr>140</gpxtpx:hr>
          </gpxtpx:TrackPointExtension>
        </extensions>
      </trkpt>
      <trkpt lat="22.552046423309704" lon="113.8920192432246">
        <time>2026-08-22T12:37:10Z</time>
        <extensions>
          <gpxtpx:TrackPointExtension>
            <gpxtpx:hr>140</gpxtpx:hr>
          </gpxtpx:TrackPointExtension>
        </extensions>
      </trkpt>
      <trkpt lat="22.552064424320086" lon="113.89203025236944">
        <time>2026-08-22T12:37:11Z</time>
        <extensions>
          <gpxtpx:TrackPointExtension>
            <gpxtpx:hr>141</gpxtpx:hr>
          </gpxtpx:TrackPointExtension>
        </extensions>
      </trkpt>
      <trkpt lat="22.5520954279923" lon="113.89205827655861">
        <time>2026-08-22T12:37:12Z</time>
        <extensions>
          <gpxtpx:TrackPointExtension>
            <gpxtpx:hr>141</gpxtpx:hr>
          </gpxtpx:TrackPointExtension>
        </extensions>
      </trkpt>
      <trkpt lat="22.55210442880997" lon="113.89206528252134">
        <time>2026-08-22T12:37:13Z</time>
        <extensions>
          <gpxtpx:TrackPointExtension>
            <gpxtpx:hr>141</gpxtpx:hr>
          </gpxtpx:TrackPointExtension>
        </extensions>
      </trkpt>
      <trkpt lat="22.552123431003697" lon="113.89208229717354">
        <time>2026-08-22T12:37:14Z</time>
        <extensions>
          <gpxtpx:TrackPointExtension>
            <gpxtpx:hr>141</gpxtpx:hr>
          </gpxtpx:TrackPointExtension>
        </extensions>
      </trkpt>
      <trkpt lat="22.552136433001852" lon="113.89209630939743">
        <time>2026-08-22T12:37:15Z</time>
        <extensions>
          <gpxtpx:TrackPointExtension>
            <gpxtpx:hr>141</gpxtpx:hr>
          </gpxtpx:TrackPointExtension>
        </extensions>
      </trkpt>
      <trkpt lat="22.55214643543184" lon="113.89211132273277">
        <time>2026-08-22T12:37:16Z</time>
        <extensions>
          <gpxtpx:TrackPointExtension>
            <gpxtpx:hr>143</gpxtpx:hr>
          </gpxtpx:TrackPointExtension>
        </extensions>
      </trkpt>
      <trkpt lat="22.55215144013587" lon="113.89213534474301">
        <time>2026-08-22T12:37:17Z</time>
        <extensions>
          <gpxtpx:TrackPointExtension>
            <gpxtpx:hr>143</gpxtpx:hr>
          </gpxtpx:TrackPointExtension>
        </extensions>
      </trkpt>
      <trkpt lat="22.552163443020447" lon="113.89215336071227">
        <time>2026-08-22T12:37:18Z</time>
        <extensions>
          <gpxtpx:TrackPointExtension>
            <gpxtpx:hr>143</gpxtpx:hr>
          </gpxtpx:TrackPointExtension>
        </extensions>
      </trkpt>
      <trkpt lat="22.552179446006246" lon="113.89217337827007">
        <time>2026-08-22T12:37:19Z</time>
        <extensions>
          <gpxtpx:TrackPointExtension>
            <gpxtpx:hr>143</gpxtpx:hr>
          </gpxtpx:TrackPointExtension>
        </extensions>
      </trkpt>
      <trkpt lat="22.55218644945041" lon="113.89219239545123">
        <time>2026-08-22T12:37:20Z</time>
        <extensions>
          <gpxtpx:TrackPointExtension>
            <gpxtpx:hr>143</gpxtpx:hr>
          </gpxtpx:TrackPointExtension>
        </extensions>
      </trkpt>
      <trkpt lat="22.55219545501317" lon="113.89222242267559">
        <time>2026-08-22T12:37:21Z</time>
        <extensions>
          <gpxtpx:TrackPointExtension>
            <gpxtpx:hr>144</gpxtpx:hr>
          </gpxtpx:TrackPointExtension>
        </extensions>
      </trkpt>
      <trkpt lat="22.552216458798505" lon="113.8922484454029">
        <time>2026-08-22T12:37:22Z</time>
        <extensions>
          <gpxtpx:TrackPointExtension>
            <gpxtpx:hr>144</gpxtpx:hr>
          </gpxtpx:TrackPointExtension>
        </extensions>
      </trkpt>
      <trkpt lat="22.55221945898308" lon="113.89225044706238">
        <time>2026-08-22T12:37:23Z</time>
        <extensions>
          <gpxtpx:TrackPointExtension>
            <gpxtpx:hr>144</gpxtpx:hr>
          </gpxtpx:TrackPointExtension>
        </extensions>
      </trkpt>
      <trkpt lat="22.552238459598666" lon="113.89226045510442">
        <time>2026-08-22T12:37:24Z</time>
        <extensions>
          <gpxtpx:TrackPointExtension>
            <gpxtpx:hr>144</gpxtpx:hr>
          </gpxtpx:TrackPointExtension>
        </extensions>
      </trkpt>
      <trkpt lat="22.55223946199122" lon="113.89227246612619">
        <time>2026-08-22T12:37:25Z</time>
        <extensions>
          <gpxtpx:TrackPointExtension>
            <gpxtpx:hr>144</gpxtpx:hr>
          </gpxtpx:TrackPointExtension>
        </extensions>
      </trkpt>
      <trkpt lat="22.55225246387367" lon="113.89228647822898">
        <time>2026-08-22T12:37:26Z</time>
        <extensions>
          <gpxtpx:TrackPointExtension>
            <gpxtpx:hr>143</gpxtpx:hr>
          </gpxtpx:TrackPointExtension>
        </extensions>
      </trkpt>
      <trkpt lat="22.55227246480565" lon="113.89229848803609">
        <time>2026-08-22T12:37:27Z</time>
        <extensions>
          <gpxtpx:TrackPointExtension>
            <gpxtpx:hr>143</gpxtpx:hr>
          </gpxtpx:TrackPointExtension>
        </extensions>
      </trkpt>
      <trkpt lat="22.55229146682583" lon="113.89231550250798">
        <time>2026-08-22T12:37:28Z</time>
        <extensions>
          <gpxtpx:TrackPointExtension>
            <gpxtpx:hr>143</gpxtpx:hr>
          </gpxtpx:TrackPointExtension>
        </extensions>
      </trkpt>
      <trkpt lat="22.552306469340962" lon="113.89233351814015">
        <time>2026-08-22T12:37:29Z</time>
        <extensions>
          <gpxtpx:TrackPointExtension>
            <gpxtpx:hr>143</gpxtpx:hr>
          </gpxtpx:TrackPointExtension>
        </extensions>
      </trkpt>
      <trkpt lat="22.552316472425208" lon="113.8923525349933">
        <time>2026-08-22T12:37:30Z</time>
        <extensions>
          <gpxtpx:TrackPointExtension>
            <gpxtpx:hr>143</gpxtpx:hr>
          </gpxtpx:TrackPointExtension>
        </extensions>
      </trkpt>
      <trkpt lat="22.5523304749876" lon="113.89237055065827">
        <time>2026-08-22T12:37:31Z</time>
        <extensions>
          <gpxtpx:TrackPointExtension>
            <gpxtpx:hr>142</gpxtpx:hr>
          </gpxtpx:TrackPointExtension>
        </extensions>
      </trkpt>
      <trkpt lat="22.55234547786051" lon="113.89239056808161">
        <time>2026-08-22T12:37:32Z</time>
        <extensions>
          <gpxtpx:TrackPointExtension>
            <gpxtpx:hr>142</gpxtpx:hr>
          </gpxtpx:TrackPointExtension>
        </extensions>
      </trkpt>
      <trkpt lat="22.552358480469387" lon="113.8924085837786">
        <time>2026-08-22T12:37:33Z</time>
        <extensions>
          <gpxtpx:TrackPointExtension>
            <gpxtpx:hr>142</gpxtpx:hr>
          </gpxtpx:TrackPointExtension>
        </extensions>
      </trkpt>
      <trkpt lat="22.552373481518355" lon="113.89241959291816">
        <time>2026-08-22T12:37:34Z</time>
        <extensions>
          <gpxtpx:TrackPointExtension>
            <gpxtpx:hr>142</gpxtpx:hr>
          </gpxtpx:TrackPointExtension>
        </extensions>
      </trkpt>
      <trkpt lat="22.552382482821102" lon="113.89242960151499">
        <time>2026-08-22T12:37:35Z</time>
        <extensions>
          <gpxtpx:TrackPointExtension>
            <gpxtpx:hr>142</gpxtpx:hr>
          </gpxtpx:TrackPointExtension>
        </extensions>
      </trkpt>
      <trkpt lat="22.5523944836921" lon="113.89243860900183">
        <time>2026-08-22T12:37:36Z</time>
        <extensions>
          <gpxtpx:TrackPointExtension>
            <gpxtpx:hr>140</gpxtpx:hr>
          </gpxtpx:TrackPointExtension>
        </extensions>
      </trkpt>
      <trkpt lat="22.552406483965317" lon="113.89244461373829">
        <time>2026-08-22T12:37:37Z</time>
        <extensions>
          <gpxtpx:TrackPointExtension>
            <gpxtpx:hr>140</gpxtpx:hr>
          </gpxtpx:TrackPointExtension>
        </extensions>
      </trkpt>
      <trkpt lat="22.552417483521438" lon="113.89244661487449">
        <time>2026-08-22T12:37:38Z</time>
        <extensions>
          <gpxtpx:TrackPointExtension>
            <gpxtpx:hr>140</gpxtpx:hr>
          </gpxtpx:TrackPointExtension>
        </extensions>
      </trkpt>
      <trkpt lat="22.552432490654784" lon="113.89248865233937">
        <time>2026-08-22T12:37:39Z</time>
        <extensions>
          <gpxtpx:TrackPointExtension>
            <gpxtpx:hr>140</gpxtpx:hr>
          </gpxtpx:TrackPointExtension>
        </extensions>
      </trkpt>
      <trkpt lat="22.55245649488329" lon="113.89251967912357">
        <time>2026-08-22T12:37:40Z</time>
        <extensions>
          <gpxtpx:TrackPointExtension>
            <gpxtpx:hr>140</gpxtpx:hr>
          </gpxtpx:TrackPointExtension>
        </extensions>
      </trkpt>
      <trkpt lat="22.552468497078934" lon="113.89253569295498">
        <time>2026-08-22T12:37:41Z</time>
        <extensions>
          <gpxtpx:TrackPointExtension>
            <gpxtpx:hr>139</gpxtpx:hr>
          </gpxtpx:TrackPointExtension>
        </extensions>
      </trkpt>
      <trkpt lat="22.552497500861516" lon="113.89256671935681">
        <time>2026-08-22T12:37:42Z</time>
        <extensions>
          <gpxtpx:TrackPointExtension>
            <gpxtpx:hr>139</gpxtpx:hr>
          </gpxtpx:TrackPointExtension>
        </extensions>
      </trkpt>
      <trkpt lat="22.552505502945774" lon="113.89258073158787">
        <time>2026-08-22T12:37:43Z</time>
        <extensions>
          <gpxtpx:TrackPointExtension>
            <gpxtpx:hr>139</gpxtpx:hr>
          </gpxtpx:TrackPointExtension>
        </extensions>
      </trkpt>
      <trkpt lat="22.55252450379655" lon="113.89259274129732">
        <time>2026-08-22T12:37:44Z</time>
        <extensions>
          <gpxtpx:TrackPointExtension>
            <gpxtpx:hr>139</gpxtpx:hr>
          </gpxtpx:TrackPointExtension>
        </extensions>
      </trkpt>
      <trkpt lat="22.55253950628452" lon="113.89261175761014">
        <time>2026-08-22T12:37:45Z</time>
        <extensions>
          <gpxtpx:TrackPointExtension>
            <gpxtpx:hr>139</gpxtpx:hr>
          </gpxtpx:TrackPointExtension>
        </extensions>
      </trkpt>
      <trkpt lat="22.55254551115511" lon="113.89263978263759">
        <time>2026-08-22T12:37:46Z</time>
        <extensions>
          <gpxtpx:TrackPointExtension>
            <gpxtpx:hr>140</gpxtpx:hr>
          </gpxtpx:TrackPointExtension>
        </extensions>
      </trkpt>
      <trkpt lat="22.55255451595092" lon="113.89266880834512">
        <time>2026-08-22T12:37:47Z</time>
        <extensions>
          <gpxtpx:TrackPointExtension>
            <gpxtpx:hr>140</gpxtpx:hr>
          </gpxtpx:TrackPointExtension>
        </extensions>
      </trkpt>
      <trkpt lat="22.55256551905796" lon="113.89268982665375">
        <time>2026-08-22T12:37:48Z</time>
        <extensions>
          <gpxtpx:TrackPointExtension>
            <gpxtpx:hr>140</gpxtpx:hr>
          </gpxtpx:TrackPointExtension>
        </extensions>
      </trkpt>
      <trkpt lat="22.552579521169015" lon="113.89270684113833">
        <time>2026-08-22T12:37:49Z</time>
        <extensions>
          <gpxtpx:TrackPointExtension>
            <gpxtpx:hr>140</gpxtpx:hr>
          </gpxtpx:TrackPointExtension>
        </extensions>
      </trkpt>
      <trkpt lat="22.552595523486417" lon="113.89272585728908">
        <time>2026-08-22T12:37:50Z</time>
        <extensions>
          <gpxtpx:TrackPointExtension>
            <gpxtpx:hr>140</gpxtpx:hr>
          </gpxtpx:TrackPointExtension>
        </extensions>
      </trkpt>
      <trkpt lat="22.552613526745453" lon="113.89275087870782">
        <time>2026-08-22T12:37:51Z</time>
        <extensions>
          <gpxtpx:TrackPointExtension>
            <gpxtpx:hr>141</gpxtpx:hr>
          </gpxtpx:TrackPointExtension>
        </extensions>
      </trkpt>
      <trkpt lat="22.552626528887785" lon="113.89276789320822">
        <time>2026-08-22T12:37:52Z</time>
        <extensions>
          <gpxtpx:TrackPointExtension>
            <gpxtpx:hr>141</gpxtpx:hr>
          </gpxtpx:TrackPointExtension>
        </extensions>
      </trkpt>
      <trkpt lat="22.552643530160054" lon="113.89278190474215">
        <time>2026-08-22T12:37:53Z</time>
        <extensions>
          <gpxtpx:TrackPointExtension>
            <gpxtpx:hr>141</gpxtpx:hr>
          </gpxtpx:TrackPointExtension>
        </extensions>
      </trkpt>
      <trkpt lat="22.55264653359464" lon="113.89280192254849">
        <time>2026-08-22T12:37:54Z</time>
        <extensions>
          <gpxtpx:TrackPointExtension>
            <gpxtpx:hr>141</gpxtpx:hr>
          </gpxtpx:TrackPointExtension>
        </extensions>
      </trkpt>
      <trkpt lat="22.55265953497058" lon="113.89281493341467">
        <time>2026-08-22T12:37:55Z</time>
        <extensions>
          <gpxtpx:TrackPointExtension>
            <gpxtpx:hr>141</gpxtpx:hr>
          </gpxtpx:TrackPointExtension>
        </extensions>
      </trkpt>
      <trkpt lat="22.552677534318597" lon="113.89281893587204">
        <time>2026-08-22T12:37:56Z</time>
        <extensions>
          <gpxtpx:TrackPointExtension>
            <gpxtpx:hr>143</gpxtpx:hr>
          </gpxtpx:TrackPointExtension>
        </extensions>
      </trkpt>
      <trkpt lat="22.55268253684266" lon="113.89283494992726">
        <time>2026-08-22T12:37:57Z</time>
        <extensions>
          <gpxtpx:TrackPointExtension>
            <gpxtpx:hr>143</gpxtpx:hr>
          </gpxtpx:TrackPointExtension>
        </extensions>
      </trkpt>
      <trkpt lat="22.552688540181926" lon="113.8928559683925">
        <time>2026-08-22T12:37:58Z</time>
        <extensions>
          <gpxtpx:TrackPointExtension>
            <gpxtpx:hr>143</gpxtpx:hr>
          </gpxtpx:TrackPointExtension>
        </extensions>
      </trkpt>
      <trkpt lat="22.552695543066225" lon="113.8928749849825">
        <time>2026-08-22T12:37:59Z</time>
        <extensions>
          <gpxtpx:TrackPointExtension>
            <gpxtpx:hr>143</gpxtpx:hr>
          </gpxtpx:TrackPointExtension>
        </extensions>
      </trkpt>
      <trkpt lat="22.552718543453864" lon="113.89288699427807">
        <time>2026-08-22T12:38:00Z</time>
        <extensions>
          <gpxtpx:TrackPointExtension>
            <gpxtpx:hr>143</gpxtpx:hr>
          </gpxtpx:TrackPointExtension>
        </extensions>
      </trkpt>
      <trkpt lat="22.552741544905672" lon="113.89290500893567">
        <time>2026-08-22T12:38:01Z</time>
        <extensions>
          <gpxtpx:TrackPointExtension>
            <gpxtpx:hr>143</gpxtpx:hr>
          </gpxtpx:TrackPointExtension>
        </extensions>
      </trkpt>
      <trkpt lat="22.55274854774951" lon="113.89292402548308">
        <time>2026-08-22T12:38:02Z</time>
        <extensions>
          <gpxtpx:TrackPointExtension>
            <gpxtpx:hr>143</gpxtpx:hr>
          </gpxtpx:TrackPointExtension>
        </extensions>
      </trkpt>
      <trkpt lat="22.552764548293933" lon="113.89293403340753">
        <time>2026-08-22T12:38:03Z</time>
        <extensions>
          <gpxtpx:TrackPointExtension>
            <gpxtpx:hr>143</gpxtpx:hr>
          </gpxtpx:TrackPointExtension>
        </extensions>
      </trkpt>
      <trkpt lat="22.552772551918107" lon="113.89295805432818">
        <time>2026-08-22T12:38:04Z</time>
        <extensions>
          <gpxtpx:TrackPointExtension>
            <gpxtpx:hr>143</gpxtpx:hr>
          </gpxtpx:TrackPointExtension>
        </extensions>
      </trkpt>
      <trkpt lat="22.552779553841436" lon="113.89297206637228">
        <time>2026-08-22T12:38:05Z</time>
        <extensions>
          <gpxtpx:TrackPointExtension>
            <gpxtpx:hr>143</gpxtpx:hr>
          </gpxtpx:TrackPointExtension>
        </extensions>
      </trkpt>
      <trkpt lat="22.552794555316275" lon="113.89298707879291">
        <time>2026-08-22T12:38:06Z</time>
        <extensions>
          <gpxtpx:TrackPointExtension>
            <gpxtpx:hr>140</gpxtpx:hr>
          </gpxtpx:TrackPointExtension>
        </extensions>
      </trkpt>
      <trkpt lat="22.552814554827066" lon="113.89299308287377">
        <time>2026-08-22T12:38:07Z</time>
        <extensions>
          <gpxtpx:TrackPointExtension>
            <gpxtpx:hr>140</gpxtpx:hr>
          </gpxtpx:TrackPointExtension>
        </extensions>
      </trkpt>
      <trkpt lat="22.552848554826127" lon="113.89300809407959">
        <time>2026-08-22T12:38:08Z</time>
        <extensions>
          <gpxtpx:TrackPointExtension>
            <gpxtpx:hr>140</gpxtpx:hr>
          </gpxtpx:TrackPointExtension>
        </extensions>
      </trkpt>
      <trkpt lat="22.552864555505867" lon="113.89301910285504">
        <time>2026-08-22T12:38:09Z</time>
        <extensions>
          <gpxtpx:TrackPointExtension>
            <gpxtpx:hr>140</gpxtpx:hr>
          </gpxtpx:TrackPointExtension>
        </extensions>
      </trkpt>
      <trkpt lat="22.552882555680014" lon="113.89302810972069">
        <time>2026-08-22T12:38:10Z</time>
        <extensions>
          <gpxtpx:TrackPointExtension>
            <gpxtpx:hr>140</gpxtpx:hr>
          </gpxtpx:TrackPointExtension>
        </extensions>
      </trkpt>
      <trkpt lat="22.55289855531308" lon="113.89303311315427">
        <time>2026-08-22T12:38:11Z</time>
        <extensions>
          <gpxtpx:TrackPointExtension>
            <gpxtpx:hr>140</gpxtpx:hr>
          </gpxtpx:TrackPointExtension>
        </extensions>
      </trkpt>
      <trkpt lat="22.55290255793781" lon="113.89305012800406">
        <time>2026-08-22T12:38:12Z</time>
        <extensions>
          <gpxtpx:TrackPointExtension>
            <gpxtpx:hr>140</gpxtpx:hr>
          </gpxtpx:TrackPointExtension>
        </extensions>
      </trkpt>
      <trkpt lat="22.552928561080304" lon="113.89308015298066">
        <time>2026-08-22T12:38:13Z</time>
        <extensions>
          <gpxtpx:TrackPointExtension>
            <gpxtpx:hr>140</gpxtpx:hr>
          </gpxtpx:TrackPointExtension>
        </extensions>
      </trkpt>
      <trkpt lat="22.55294256187845" lon="113.89309116184621">
        <time>2026-08-22T12:38:14Z</time>
        <extensions>
          <gpxtpx:TrackPointExtension>
            <gpxtpx:hr>140</gpxtpx:hr>
          </gpxtpx:TrackPointExtension>
        </extensions>
      </trkpt>
      <trkpt lat="22.552959563119206" lon="113.8931061740588">
        <time>2026-08-22T12:38:15Z</time>
        <extensions>
          <gpxtpx:TrackPointExtension>
            <gpxtpx:hr>140</gpxtpx:hr>
          </gpxtpx:TrackPointExtension>
        </extensions>
      </trkpt>
      <trkpt lat="22.552976565532532" lon="113.89312819245316">
        <time>2026-08-22T12:38:16Z</time>
        <extensions>
          <gpxtpx:TrackPointExtension>
            <gpxtpx:hr>141</gpxtpx:hr>
          </gpxtpx:TrackPointExtension>
        </extensions>
      </trkpt>
      <trkpt lat="22.552990566475398" lon="113.89314020217844">
        <time>2026-08-22T12:38:17Z</time>
        <extensions>
          <gpxtpx:TrackPointExtension>
            <gpxtpx:hr>141</gpxtpx:hr>
          </gpxtpx:TrackPointExtension>
        </extensions>
      </trkpt>
      <trkpt lat="22.55302056550599" lon="113.89314820735262">
        <time>2026-08-22T12:38:18Z</time>
        <extensions>
          <gpxtpx:TrackPointExtension>
            <gpxtpx:hr>141</gpxtpx:hr>
          </gpxtpx:TrackPointExtension>
        </extensions>
      </trkpt>
      <trkpt lat="22.553039568224623" lon="113.89317322822562">
        <time>2026-08-22T12:38:19Z</time>
        <extensions>
          <gpxtpx:TrackPointExtension>
            <gpxtpx:hr>141</gpxtpx:hr>
          </gpxtpx:TrackPointExtension>
        </extensions>
      </trkpt>
      <trkpt lat="22.553045574236315" lon="113.89321226222384">
        <time>2026-08-22T12:38:20Z</time>
        <extensions>
          <gpxtpx:TrackPointExtension>
            <gpxtpx:hr>141</gpxtpx:hr>
          </gpxtpx:TrackPointExtension>
        </extensions>
      </trkpt>
      <trkpt lat="22.553062575725704" lon="113.89322927611298">
        <time>2026-08-22T12:38:21Z</time>
        <extensions>
          <gpxtpx:TrackPointExtension>
            <gpxtpx:hr>143</gpxtpx:hr>
          </gpxtpx:TrackPointExtension>
        </extensions>
      </trkpt>
      <trkpt lat="22.55307957818382" lon="113.89325229526216">
        <time>2026-08-22T12:38:22Z</time>
        <extensions>
          <gpxtpx:TrackPointExtension>
            <gpxtpx:hr>143</gpxtpx:hr>
          </gpxtpx:TrackPointExtension>
        </extensions>
      </trkpt>
      <trkpt lat="22.553096581268335" lon="113.8932793178975">
        <time>2026-08-22T12:38:23Z</time>
        <extensions>
          <gpxtpx:TrackPointExtension>
            <gpxtpx:hr>143</gpxtpx:hr>
          </gpxtpx:TrackPointExtension>
        </extensions>
      </trkpt>
      <trkpt lat="22.55310758381718" lon="113.89330033562004">
        <time>2026-08-22T12:38:24Z</time>
        <extensions>
          <gpxtpx:TrackPointExtension>
            <gpxtpx:hr>143</gpxtpx:hr>
          </gpxtpx:TrackPointExtension>
        </extensions>
      </trkpt>
      <trkpt lat="22.553116586501456" lon="113.89332135344873">
        <time>2026-08-22T12:38:25Z</time>
        <extensions>
          <gpxtpx:TrackPointExtension>
            <gpxtpx:hr>143</gpxtpx:hr>
          </gpxtpx:TrackPointExtension>
        </extensions>
      </trkpt>
      <trkpt lat="22.553130588301176" lon="113.89333936831726">
        <time>2026-08-22T12:38:26Z</time>
        <extensions>
          <gpxtpx:TrackPointExtension>
            <gpxtpx:hr>145</gpxtpx:hr>
          </gpxtpx:TrackPointExtension>
        </extensions>
      </trkpt>
      <trkpt lat="22.553150588509066" lon="113.89335037667323">
        <time>2026-08-22T12:38:27Z</time>
        <extensions>
          <gpxtpx:TrackPointExtension>
            <gpxtpx:hr>145</gpxtpx:hr>
          </gpxtpx:TrackPointExtension>
        </extensions>
      </trkpt>
      <trkpt lat="22.553174588401784" lon="113.89336138477094">
        <time>2026-08-22T12:38:28Z</time>
        <extensions>
          <gpxtpx:TrackPointExtension>
            <gpxtpx:hr>145</gpxtpx:hr>
          </gpxtpx:TrackPointExtension>
        </extensions>
      </trkpt>
      <trkpt lat="22.553185591979364" lon="113.8933894085229">
        <time>2026-08-22T12:38:29Z</time>
        <extensions>
          <gpxtpx:TrackPointExtension>
            <gpxtpx:hr>145</gpxtpx:hr>
          </gpxtpx:TrackPointExtension>
        </extensions>
      </trkpt>
      <trkpt lat="22.55320559263321" lon="113.89340341946934">
        <time>2026-08-22T12:38:30Z</time>
        <extensions>
          <gpxtpx:TrackPointExtension>
            <gpxtpx:hr>145</gpxtpx:hr>
          </gpxtpx:TrackPointExtension>
        </extensions>
      </trkpt>
      <trkpt lat="22.553229594685682" lon="113.89342843973424">
        <time>2026-08-22T12:38:31Z</time>
        <extensions>
          <gpxtpx:TrackPointExtension>
            <gpxtpx:hr>145</gpxtpx:hr>
          </gpxtpx:TrackPointExtension>
        </extensions>
      </trkpt>
      <trkpt lat="22.553246595702493" lon="113.89344345171516">
        <time>2026-08-22T12:38:32Z</time>
        <extensions>
          <gpxtpx:TrackPointExtension>
            <gpxtpx:hr>145</gpxtpx:hr>
          </gpxtpx:TrackPointExtension>
        </extensions>
      </trkpt>
      <trkpt lat="22.553263600714043" lon="113.89348448627194">
        <time>2026-08-22T12:38:33Z</time>
        <extensions>
          <gpxtpx:TrackPointExtension>
            <gpxtpx:hr>145</gpxtpx:hr>
          </gpxtpx:TrackPointExtension>
        </extensions>
      </trkpt>
      <trkpt lat="22.553282601538893" lon="113.89349949808798">
        <time>2026-08-22T12:38:34Z</time>
        <extensions>
          <gpxtpx:TrackPointExtension>
            <gpxtpx:hr>145</gpxtpx:hr>
          </gpxtpx:TrackPointExtension>
        </extensions>
      </trkpt>
      <trkpt lat="22.55328660473243" lon="113.89352251777368">
        <time>2026-08-22T12:38:35Z</time>
        <extensions>
          <gpxtpx:TrackPointExtension>
            <gpxtpx:hr>145</gpxtpx:hr>
          </gpxtpx:TrackPointExtension>
        </extensions>
      </trkpt>
      <trkpt lat="22.553297606303556" lon="113.8935385309346">
        <time>2026-08-22T12:38:36Z</time>
        <extensions>
          <gpxtpx:TrackPointExtension>
            <gpxtpx:hr>147</gpxtpx:hr>
          </gpxtpx:TrackPointExtension>
        </extensions>
      </trkpt>
      <trkpt lat="22.55329060745043" lon="113.89354253483897">
        <time>2026-08-22T12:38:37Z</time>
        <extensions>
          <gpxtpx:TrackPointExtension>
            <gpxtpx:hr>147</gpxtpx:hr>
          </gpxtpx:TrackPointExtension>
        </extensions>
      </trkpt>
      <trkpt lat="22.553287607984828" lon="113.8935445367593">
        <time>2026-08-22T12:38:38Z</time>
        <extensions>
          <gpxtpx:TrackPointExtension>
            <gpxtpx:hr>147</gpxtpx:hr>
          </gpxtpx:TrackPointExtension>
        </extensions>
      </trkpt>
      <trkpt lat="22.5532986101412" lon="113.89356455336215">
        <time>2026-08-22T12:38:39Z</time>
        <extensions>
          <gpxtpx:TrackPointExtension>
            <gpxtpx:hr>147</gpxtpx:hr>
          </gpxtpx:TrackPointExtension>
        </extensions>
      </trkpt>
      <trkpt lat="22.55330461266786" lon="113.89358457026253">
        <time>2026-08-22T12:38:40Z</time>
        <extensions>
          <gpxtpx:TrackPointExtension>
            <gpxtpx:hr>147</gpxtpx:hr>
          </gpxtpx:TrackPointExtension>
        </extensions>
      </trkpt>
      <trkpt lat="22.55331461516355" lon="113.89360658861693">
        <time>2026-08-22T12:38:41Z</time>
        <extensions>
          <gpxtpx:TrackPointExtension>
            <gpxtpx:hr>149</gpxtpx:hr>
          </gpxtpx:TrackPointExtension>
        </extensions>
      </trkpt>
      <trkpt lat="22.553331615768172" lon="113.89361959875158">
        <time>2026-08-22T12:38:42Z</time>
        <extensions>
          <gpxtpx:TrackPointExtension>
            <gpxtpx:hr>149</gpxtpx:hr>
          </gpxtpx:TrackPointExtension>
        </extensions>
      </trkpt>
      <trkpt lat="22.55334461785083" lon="113.89364061602018">
        <time>2026-08-22T12:38:43Z</time>
        <extensions>
          <gpxtpx:TrackPointExtension>
            <gpxtpx:hr>149</gpxtpx:hr>
          </gpxtpx:TrackPointExtension>
        </extensions>
      </trkpt>
      <trkpt lat="22.553361618728" lon="113.89365562785511">
        <time>2026-08-22T12:38:44Z</time>
        <extensions>
          <gpxtpx:TrackPointExtension>
            <gpxtpx:hr>149</gpxtpx:hr>
          </gpxtpx:TrackPointExtension>
        </extensions>
      </trkpt>
      <trkpt lat="22.553367618992283" lon="113.89366063177674">
        <time>2026-08-22T12:38:45Z</time>
        <extensions>
          <gpxtpx:TrackPointExtension>
            <gpxtpx:hr>149</gpxtpx:hr>
          </gpxtpx:TrackPointExtension>
        </extensions>
      </trkpt>
      <trkpt lat="22.553375621280342" lon="113.89368064846259">
        <time>2026-08-22T12:38:46Z</time>
        <extensions>
          <gpxtpx:TrackPointExtension>
            <gpxtpx:hr>149</gpxtpx:hr>
          </gpxtpx:TrackPointExtension>
        </extensions>
      </trkpt>
      <trkpt lat="22.553400621654056" lon="113.89369666062295">
        <time>2026-08-22T12:38:47Z</time>
        <extensions>
          <gpxtpx:TrackPointExtension>
            <gpxtpx:hr>149</gpxtpx:hr>
          </gpxtpx:TrackPointExtension>
        </extensions>
      </trkpt>
      <trkpt lat="22.553399624035478" lon="113.89371267441413">
        <time>2026-08-22T12:38:48Z</time>
        <extensions>
          <gpxtpx:TrackPointExtension>
            <gpxtpx:hr>149</gpxtpx:hr>
          </gpxtpx:TrackPointExtension>
        </extensions>
      </trkpt>
      <trkpt lat="22.553409626122995" lon="113.89373269092584">
        <time>2026-08-22T12:38:49Z</time>
        <extensions>
          <gpxtpx:TrackPointExtension>
            <gpxtpx:hr>149</gpxtpx:hr>
          </gpxtpx:TrackPointExtension>
        </extensions>
      </trkpt>
      <trkpt lat="22.55343262689919" lon="113.89375070488619">
        <time>2026-08-22T12:38:50Z</time>
        <extensions>
          <gpxtpx:TrackPointExtension>
            <gpxtpx:hr>149</gpxtpx:hr>
          </gpxtpx:TrackPointExtension>
        </extensions>
      </trkpt>
      <trkpt lat="22.553440630940038" lon="113.89378373260001">
        <time>2026-08-22T12:38:51Z</time>
        <extensions>
          <gpxtpx:TrackPointExtension>
            <gpxtpx:hr>145</gpxtpx:hr>
          </gpxtpx:TrackPointExtension>
        </extensions>
      </trkpt>
      <trkpt lat="22.553444631331516" lon="113.89378873661857">
        <time>2026-08-22T12:38:52Z</time>
        <extensions>
          <gpxtpx:TrackPointExtension>
            <gpxtpx:hr>145</gpxtpx:hr>
          </gpxtpx:TrackPointExtension>
        </extensions>
      </trkpt>
      <trkpt lat="22.553455633414583" lon="113.89380975385045">
        <time>2026-08-22T12:38:53Z</time>
        <extensions>
          <gpxtpx:TrackPointExtension>
            <gpxtpx:hr>145</gpxtpx:hr>
          </gpxtpx:TrackPointExtension>
        </extensions>
      </trkpt>
      <trkpt lat="22.553463634046018" lon="113.89381876102173">
        <time>2026-08-22T12:38:54Z</time>
        <extensions>
          <gpxtpx:TrackPointExtension>
            <gpxtpx:hr>145</gpxtpx:hr>
          </gpxtpx:TrackPointExtension>
        </extensions>
      </trkpt>
      <trkpt lat="22.553487634814257" lon="113.89383777569967">
        <time>2026-08-22T12:38:55Z</time>
        <extensions>
          <gpxtpx:TrackPointExtension>
            <gpxtpx:hr>145</gpxtpx:hr>
          </gpxtpx:TrackPointExtension>
        </extensions>
      </trkpt>
      <trkpt lat="22.553496636595646" lon="113.8938557904576">
        <time>2026-08-22T12:38:56Z</time>
        <extensions>
          <gpxtpx:TrackPointExtension>
            <gpxtpx:hr>143</gpxtpx:hr>
          </gpxtpx:TrackPointExtension>
        </extensions>
      </trkpt>
      <trkpt lat="22.553514637525993" lon="113.89387280378179">
        <time>2026-08-22T12:38:57Z</time>
        <extensions>
          <gpxtpx:TrackPointExtension>
            <gpxtpx:hr>143</gpxtpx:hr>
          </gpxtpx:TrackPointExtension>
        </extensions>
      </trkpt>
      <trkpt lat="22.553539637490378" lon="113.89388681410175">
        <time>2026-08-22T12:38:58Z</time>
        <extensions>
          <gpxtpx:TrackPointExtension>
            <gpxtpx:hr>143</gpxtpx:hr>
          </gpxtpx:TrackPointExtension>
        </extensions>
      </trkpt>
      <trkpt lat="22.553597637845964" lon="113.89392284099456">
        <time>2026-08-22T12:38:59Z</time>
        <extensions>
          <gpxtpx:TrackPointExtension>
            <gpxtpx:hr>143</gpxtpx:hr>
          </gpxtpx:TrackPointExtension>
        </extensions>
      </trkpt>
      <trkpt lat="22.553611639036486" lon="113.89393985451906">
        <time>2026-08-22T12:39:00Z</time>
        <extensions>
          <gpxtpx:TrackPointExtension>
            <gpxtpx:hr>143</gpxtpx:hr>
          </gpxtpx:TrackPointExtension>
        </extensions>
      </trkpt>
      <trkpt lat="22.553632640333536" lon="113.89396187181953">
        <time>2026-08-22T12:39:01Z</time>
        <extensions>
          <gpxtpx:TrackPointExtension>
            <gpxtpx:hr>144</gpxtpx:hr>
          </gpxtpx:TrackPointExtension>
        </extensions>
      </trkpt>
      <trkpt lat="22.55365664018592" lon="113.8939748812998">
        <time>2026-08-22T12:39:02Z</time>
        <extensions>
          <gpxtpx:TrackPointExtension>
            <gpxtpx:hr>144</gpxtpx:hr>
          </gpxtpx:TrackPointExtension>
        </extensions>
      </trkpt>
      <trkpt lat="22.553673640971507" lon="113.89399089374928">
        <time>2026-08-22T12:39:03Z</time>
        <extensions>
          <gpxtpx:TrackPointExtension>
            <gpxtpx:hr>144</gpxtpx:hr>
          </gpxtpx:TrackPointExtension>
        </extensions>
      </trkpt>
      <trkpt lat="22.553699640781264" lon="113.89400490393007">
        <time>2026-08-22T12:39:04Z</time>
        <extensions>
          <gpxtpx:TrackPointExtension>
            <gpxtpx:hr>144</gpxtpx:hr>
          </gpxtpx:TrackPointExtension>
        </extensions>
      </trkpt>
      <trkpt lat="22.55372463974571" lon="113.89401190825899">
        <time>2026-08-22T12:39:05Z</time>
        <extensions>
          <gpxtpx:TrackPointExtension>
            <gpxtpx:hr>144</gpxtpx:hr>
          </gpxtpx:TrackPointExtension>
        </extensions>
      </trkpt>
      <trkpt lat="22.55374663907197" lon="113.89401991361869">
        <time>2026-08-22T12:39:06Z</time>
        <extensions>
          <gpxtpx:TrackPointExtension>
            <gpxtpx:hr>144</gpxtpx:hr>
          </gpxtpx:TrackPointExtension>
        </extensions>
      </trkpt>
      <trkpt lat="22.553771637379405" lon="113.89402191372623">
        <time>2026-08-22T12:39:07Z</time>
        <extensions>
          <gpxtpx:TrackPointExtension>
            <gpxtpx:hr>144</gpxtpx:hr>
          </gpxtpx:TrackPointExtension>
        </extensions>
      </trkpt>
      <trkpt lat="22.55379263651904" lon="113.89402791745925">
        <time>2026-08-22T12:39:08Z</time>
        <extensions>
          <gpxtpx:TrackPointExtension>
            <gpxtpx:hr>144</gpxtpx:hr>
          </gpxtpx:TrackPointExtension>
        </extensions>
      </trkpt>
      <trkpt lat="22.553814635058888" lon="113.89402991775559">
        <time>2026-08-22T12:39:09Z</time>
        <extensions>
          <gpxtpx:TrackPointExtension>
            <gpxtpx:hr>144</gpxtpx:hr>
          </gpxtpx:TrackPointExtension>
        </extensions>
      </trkpt>
      <trkpt lat="22.553835633416348" lon="113.8940299164289">
        <time>2026-08-22T12:39:10Z</time>
        <extensions>
          <gpxtpx:TrackPointExtension>
            <gpxtpx:hr>144</gpxtpx:hr>
          </gpxtpx:TrackPointExtension>
        </extensions>
      </trkpt>
      <trkpt lat="22.553859631018305" lon="113.8940259115401">
        <time>2026-08-22T12:39:11Z</time>
        <extensions>
          <gpxtpx:TrackPointExtension>
            <gpxtpx:hr>142</gpxtpx:hr>
          </gpxtpx:TrackPointExtension>
        </extensions>
      </trkpt>
      <trkpt lat="22.553880629244382" lon="113.89402490937016">
        <time>2026-08-22T12:39:12Z</time>
        <extensions>
          <gpxtpx:TrackPointExtension>
            <gpxtpx:hr>142</gpxtpx:hr>
          </gpxtpx:TrackPointExtension>
        </extensions>
      </trkpt>
      <trkpt lat="22.5539046265833" lon="113.8940189027934">
        <time>2026-08-22T12:39:13Z</time>
        <extensions>
          <gpxtpx:TrackPointExtension>
            <gpxtpx:hr>142</gpxtpx:hr>
          </gpxtpx:TrackPointExtension>
        </extensions>
      </trkpt>
      <trkpt lat="22.553914627621747" lon="113.89403291396697">
        <time>2026-08-22T12:39:14Z</time>
        <extensions>
          <gpxtpx:TrackPointExtension>
            <gpxtpx:hr>142</gpxtpx:hr>
          </gpxtpx:TrackPointExtension>
        </extensions>
      </trkpt>
      <trkpt lat="22.55393362691132" lon="113.8940389178233">
        <time>2026-08-22T12:39:15Z</time>
        <extensions>
          <gpxtpx:TrackPointExtension>
            <gpxtpx:hr>142</gpxtpx:hr>
          </gpxtpx:TrackPointExtension>
        </extensions>
      </trkpt>
      <trkpt lat="22.553947626332075" lon="113.89404292030902">
        <time>2026-08-22T12:39:16Z</time>
        <extensions>
          <gpxtpx:TrackPointExtension>
            <gpxtpx:hr>139</gpxtpx:hr>
          </gpxtpx:TrackPointExtension>
        </extensions>
      </trkpt>
      <trkpt lat="22.553963624300774" lon="113.89403691424265">
        <time>2026-08-22T12:39:17Z</time>
        <extensions>
          <gpxtpx:TrackPointExtension>
            <gpxtpx:hr>139</gpxtpx:hr>
          </gpxtpx:TrackPointExtension>
        </extensions>
      </trkpt>
      <trkpt lat="22.55397462317894" lon="113.89403491186216">
        <time>2026-08-22T12:39:18Z</time>
        <extensions>
          <gpxtpx:TrackPointExtension>
            <gpxtpx:hr>139</gpxtpx:hr>
          </gpxtpx:TrackPointExtension>
        </extensions>
      </trkpt>
      <trkpt lat="22.554000622176275" lon="113.8940429169607">
        <time>2026-08-22T12:39:19Z</time>
        <extensions>
          <gpxtpx:TrackPointExtension>
            <gpxtpx:hr>139</gpxtpx:hr>
          </gpxtpx:TrackPointExtension>
        </extensions>
      </trkpt>
      <trkpt lat="22.554011618325934" lon="113.89401989687711">
        <time>2026-08-22T12:39:20Z</time>
        <extensions>
          <gpxtpx:TrackPointExtension>
            <gpxtpx:hr>139</gpxtpx:hr>
          </gpxtpx:TrackPointExtension>
        </extensions>
      </trkpt>
      <trkpt lat="22.554021616627534" lon="113.89401289033961">
        <time>2026-08-22T12:39:21Z</time>
        <extensions>
          <gpxtpx:TrackPointExtension>
            <gpxtpx:hr>140</gpxtpx:hr>
          </gpxtpx:TrackPointExtension>
        </extensions>
      </trkpt>
      <trkpt lat="22.55404661518768" lon="113.8940168921352">
        <time>2026-08-22T12:39:22Z</time>
        <extensions>
          <gpxtpx:TrackPointExtension>
            <gpxtpx:hr>140</gpxtpx:hr>
          </gpxtpx:TrackPointExtension>
        </extensions>
      </trkpt>
      <trkpt lat="22.554053612806708" lon="113.8940028798773">
        <time>2026-08-22T12:39:23Z</time>
        <extensions>
          <gpxtpx:TrackPointExtension>
            <gpxtpx:hr>140</gpxtpx:hr>
          </gpxtpx:TrackPointExtension>
        </extensions>
      </trkpt>
      <trkpt lat="22.55407460984427" lon="113.89399287010532">
        <time>2026-08-22T12:39:24Z</time>
        <extensions>
          <gpxtpx:TrackPointExtension>
            <gpxtpx:hr>140</gpxtpx:hr>
          </gpxtpx:TrackPointExtension>
        </extensions>
      </trkpt>
      <trkpt lat="22.554095605422532" lon="113.89397185102855">
        <time>2026-08-22T12:39:25Z</time>
        <extensions>
          <gpxtpx:TrackPointExtension>
            <gpxtpx:hr>140</gpxtpx:hr>
          </gpxtpx:TrackPointExtension>
        </extensions>
      </trkpt>
      <trkpt lat="22.554108603870837" lon="113.89396784682398">
        <time>2026-08-22T12:39:26Z</time>
        <extensions>
          <gpxtpx:TrackPointExtension>
            <gpxtpx:hr>140</gpxtpx:hr>
          </gpxtpx:TrackPointExtension>
        </extensions>
      </trkpt>
      <trkpt lat="22.55412459995205" lon="113.89394782888577">
        <time>2026-08-22T12:39:27Z</time>
        <extensions>
          <gpxtpx:TrackPointExtension>
            <gpxtpx:hr>140</gpxtpx:hr>
          </gpxtpx:TrackPointExtension>
        </extensions>
      </trkpt>
      <trkpt lat="22.554125597463567" lon="113.89392981357221">
        <time>2026-08-22T12:39:28Z</time>
        <extensions>
          <gpxtpx:TrackPointExtension>
            <gpxtpx:hr>140</gpxtpx:hr>
          </gpxtpx:TrackPointExtension>
        </extensions>
      </trkpt>
      <trkpt lat="22.55413159524272" lon="113.89391680216973">
        <time>2026-08-22T12:39:29Z</time>
        <extensions>
          <gpxtpx:TrackPointExtension>
            <gpxtpx:hr>140</gpxtpx:hr>
          </gpxtpx:TrackPointExtension>
        </extensions>
      </trkpt>
      <trkpt lat="22.554137593826106" lon="113.89390979585173">
        <time>2026-08-22T12:39:30Z</time>
        <extensions>
          <gpxtpx:TrackPointExtension>
            <gpxtpx:hr>140</gpxtpx:hr>
          </gpxtpx:TrackPointExtension>
        </extensions>
      </trkpt>
      <trkpt lat="22.55414559252085" lon="113.89390479110286">
        <time>2026-08-22T12:39:31Z</time>
        <extensions>
          <gpxtpx:TrackPointExtension>
            <gpxtpx:hr>142</gpxtpx:hr>
          </gpxtpx:TrackPointExtension>
        </extensions>
      </trkpt>
      <trkpt lat="22.554154591406828" lon="113.89390178798763">
        <time>2026-08-22T12:39:32Z</time>
        <extensions>
          <gpxtpx:TrackPointExtension>
            <gpxtpx:hr>142</gpxtpx:hr>
          </gpxtpx:TrackPointExtension>
        </extensions>
      </trkpt>
      <trkpt lat="22.554174587796552" lon="113.89388677398472">
        <time>2026-08-22T12:39:33Z</time>
        <extensions>
          <gpxtpx:TrackPointExtension>
            <gpxtpx:hr>142</gpxtpx:hr>
          </gpxtpx:TrackPointExtension>
        </extensions>
      </trkpt>
      <trkpt lat="22.554189584432727" lon="113.893870759437">
        <time>2026-08-22T12:39:34Z</time>
        <extensions>
          <gpxtpx:TrackPointExtension>
            <gpxtpx:hr>142</gpxtpx:hr>
          </gpxtpx:TrackPointExtension>
        </extensions>
      </trkpt>
      <trkpt lat="22.554204581195034" lon="113.89385574572857">
        <time>2026-08-22T12:39:35Z</time>
        <extensions>
          <gpxtpx:TrackPointExtension>
            <gpxtpx:hr>142</gpxtpx:hr>
          </gpxtpx:TrackPointExtension>
        </extensions>
      </trkpt>
      <trkpt lat="22.554229577987854" lon="113.8938467364877">
        <time>2026-08-22T12:39:36Z</time>
        <extensions>
          <gpxtpx:TrackPointExtension>
            <gpxtpx:hr>143</gpxtpx:hr>
          </gpxtpx:TrackPointExtension>
        </extensions>
      </trkpt>
      <trkpt lat="22.55424757366574" lon="113.89382571745936">
        <time>2026-08-22T12:39:37Z</time>
        <extensions>
          <gpxtpx:TrackPointExtension>
            <gpxtpx:hr>143</gpxtpx:hr>
          </gpxtpx:TrackPointExtension>
        </extensions>
      </trkpt>
      <trkpt lat="22.554268569087778" lon="113.89380469822119">
        <time>2026-08-22T12:39:38Z</time>
        <extensions>
          <gpxtpx:TrackPointExtension>
            <gpxtpx:hr>143</gpxtpx:hr>
          </gpxtpx:TrackPointExtension>
        </extensions>
      </trkpt>
      <trkpt lat="22.55427956696217" lon="113.8937956898437">
        <time>2026-08-22T12:39:39Z</time>
        <extensions>
          <gpxtpx:TrackPointExtension>
            <gpxtpx:hr>143</gpxtpx:hr>
          </gpxtpx:TrackPointExtension>
        </extensions>
      </trkpt>
      <trkpt lat="22.554298563499493" lon="113.89378167668531">
        <time>2026-08-22T12:39:40Z</time>
        <extensions>
          <gpxtpx:TrackPointExtension>
            <gpxtpx:hr>143</gpxtpx:hr>
          </gpxtpx:TrackPointExtension>
        </extensions>
      </trkpt>
      <trkpt lat="22.5543155590541" lon="113.8937596568019">
        <time>2026-08-22T12:39:41Z</time>
        <extensions>
          <gpxtpx:TrackPointExtension>
            <gpxtpx:hr>143</gpxtpx:hr>
          </gpxtpx:TrackPointExtension>
        </extensions>
      </trkpt>
      <trkpt lat="22.55434255422606" lon="113.8937406388337">
        <time>2026-08-22T12:39:42Z</time>
        <extensions>
          <gpxtpx:TrackPointExtension>
            <gpxtpx:hr>143</gpxtpx:hr>
          </gpxtpx:TrackPointExtension>
        </extensions>
      </trkpt>
      <trkpt lat="22.554353550214227" lon="113.89371861928791">
        <time>2026-08-22T12:39:43Z</time>
        <extensions>
          <gpxtpx:TrackPointExtension>
            <gpxtpx:hr>143</gpxtpx:hr>
          </gpxtpx:TrackPointExtension>
        </extensions>
      </trkpt>
      <trkpt lat="22.554373545615316" lon="113.8936976000096">
        <time>2026-08-22T12:39:44Z</time>
        <extensions>
          <gpxtpx:TrackPointExtension>
            <gpxtpx:hr>143</gpxtpx:hr>
          </gpxtpx:TrackPointExtension>
        </extensions>
      </trkpt>
      <trkpt lat="22.55438154353878" lon="113.89368759091859">
        <time>2026-08-22T12:39:45Z</time>
        <extensions>
          <gpxtpx:TrackPointExtension>
            <gpxtpx:hr>143</gpxtpx:hr>
          </gpxtpx:TrackPointExtension>
        </extensions>
      </trkpt>
      <trkpt lat="22.55439953892334" lon="113.89366557087695">
        <time>2026-08-22T12:39:46Z</time>
        <extensions>
          <gpxtpx:TrackPointExtension>
            <gpxtpx:hr>143</gpxtpx:hr>
          </gpxtpx:TrackPointExtension>
        </extensions>
      </trkpt>
      <trkpt lat="22.554405536405948" lon="113.8936515584562">
        <time>2026-08-22T12:39:47Z</time>
        <extensions>
          <gpxtpx:TrackPointExtension>
            <gpxtpx:hr>143</gpxtpx:hr>
          </gpxtpx:TrackPointExtension>
        </extensions>
      </trkpt>
      <trkpt lat="22.554424533880226" lon="113.89364455123157">
        <time>2026-08-22T12:39:48Z</time>
        <extensions>
          <gpxtpx:TrackPointExtension>
            <gpxtpx:hr>143</gpxtpx:hr>
          </gpxtpx:TrackPointExtension>
        </extensions>
      </trkpt>
      <trkpt lat="22.55443453059219" lon="113.89362753596018">
        <time>2026-08-22T12:39:49Z</time>
        <extensions>
          <gpxtpx:TrackPointExtension>
            <gpxtpx:hr>143</gpxtpx:hr>
          </gpxtpx:TrackPointExtension>
        </extensions>
      </trkpt>
      <trkpt lat="22.554463525493656" lon="113.89360851775037">
        <time>2026-08-22T12:39:50Z</time>
        <extensions>
          <gpxtpx:TrackPointExtension>
            <gpxtpx:hr>143</gpxtpx:hr>
          </gpxtpx:TrackPointExtension>
        </extensions>
      </trkpt>
      <trkpt lat="22.5544885209926" lon="113.89359150150315">
        <time>2026-08-22T12:39:51Z</time>
        <extensions>
          <gpxtpx:TrackPointExtension>
            <gpxtpx:hr>147</gpxtpx:hr>
          </gpxtpx:TrackPointExtension>
        </extensions>
      </trkpt>
      <trkpt lat="22.554505514261155" lon="113.89355546932424">
        <time>2026-08-22T12:39:52Z</time>
        <extensions>
          <gpxtpx:TrackPointExtension>
            <gpxtpx:hr>147</gpxtpx:hr>
          </gpxtpx:TrackPointExtension>
        </extensions>
      </trkpt>
      <trkpt lat="22.554538511499498" lon="113.89355446637443">
        <time>2026-08-22T12:39:53Z</time>
        <extensions>
          <gpxtpx:TrackPointExtension>
            <gpxtpx:hr>147</gpxtpx:hr>
          </gpxtpx:TrackPointExtension>
        </extensions>
      </trkpt>
      <trkpt lat="22.554563506048527" lon="113.89353144489016">
        <time>2026-08-22T12:39:54Z</time>
        <extensions>
          <gpxtpx:TrackPointExtension>
            <gpxtpx:hr>147</gpxtpx:hr>
          </gpxtpx:TrackPointExtension>
        </extensions>
      </trkpt>
      <trkpt lat="22.55456950101068" lon="113.89350141851183">
        <time>2026-08-22T12:39:55Z</time>
        <extensions>
          <gpxtpx:TrackPointExtension>
            <gpxtpx:hr>147</gpxtpx:hr>
          </gpxtpx:TrackPointExtension>
        </extensions>
      </trkpt>
      <trkpt lat="22.5545944973478" lon="113.89349040738892">
        <time>2026-08-22T12:39:56Z</time>
        <extensions>
          <gpxtpx:TrackPointExtension>
            <gpxtpx:hr>147</gpxtpx:hr>
          </gpxtpx:TrackPointExtension>
        </extensions>
      </trkpt>
      <trkpt lat="22.554592493970983" lon="113.89346738754294">
        <time>2026-08-22T12:39:57Z</time>
        <extensions>
          <gpxtpx:TrackPointExtension>
            <gpxtpx:hr>147</gpxtpx:hr>
          </gpxtpx:TrackPointExtension>
        </extensions>
      </trkpt>
      <trkpt lat="22.554613486104508" lon="113.89342735142381">
        <time>2026-08-22T12:39:58Z</time>
        <extensions>
          <gpxtpx:TrackPointExtension>
            <gpxtpx:hr>147</gpxtpx:hr>
          </gpxtpx:TrackPointExtension>
        </extensions>
      </trkpt>
      <trkpt lat="22.55461248195806" lon="113.89340032796066">
        <time>2026-08-22T12:39:59Z</time>
        <extensions>
          <gpxtpx:TrackPointExtension>
            <gpxtpx:hr>147</gpxtpx:hr>
          </gpxtpx:TrackPointExtension>
        </extensions>
      </trkpt>
      <trkpt lat="22.554631475561706" lon="113.89336929970727">
        <time>2026-08-22T12:40:00Z</time>
        <extensions>
          <gpxtpx:TrackPointExtension>
            <gpxtpx:hr>147</gpxtpx:hr>
          </gpxtpx:TrackPointExtension>
        </extensions>
      </trkpt>
      <trkpt lat="22.554659471914043" lon="113.89336029007586">
        <time>2026-08-22T12:40:01Z</time>
        <extensions>
          <gpxtpx:TrackPointExtension>
            <gpxtpx:hr>149</gpxtpx:hr>
          </gpxtpx:TrackPointExtension>
        </extensions>
      </trkpt>
      <trkpt lat="22.554685467145585" lon="113.89334327357193">
        <time>2026-08-22T12:40:02Z</time>
        <extensions>
          <gpxtpx:TrackPointExtension>
            <gpxtpx:hr>149</gpxtpx:hr>
          </gpxtpx:TrackPointExtension>
        </extensions>
      </trkpt>
      <trkpt lat="22.554700461631956" lon="113.89331624899384">
        <time>2026-08-22T12:40:03Z</time>
        <extensions>
          <gpxtpx:TrackPointExtension>
            <gpxtpx:hr>149</gpxtpx:hr>
          </gpxtpx:TrackPointExtension>
        </extensions>
      </trkpt>
      <trkpt lat="22.55472245730889" lon="113.8933002335849">
        <time>2026-08-22T12:40:04Z</time>
        <extensions>
          <gpxtpx:TrackPointExtension>
            <gpxtpx:hr>149</gpxtpx:hr>
          </gpxtpx:TrackPointExtension>
        </extensions>
      </trkpt>
      <trkpt lat="22.55473645522816" lon="113.89329422744021">
        <time>2026-08-22T12:40:05Z</time>
        <extensions>
          <gpxtpx:TrackPointExtension>
            <gpxtpx:hr>149</gpxtpx:hr>
          </gpxtpx:TrackPointExtension>
        </extensions>
      </trkpt>
      <trkpt lat="22.554754452341978" lon="113.89328521840966">
        <time>2026-08-22T12:40:06Z</time>
        <extensions>
          <gpxtpx:TrackPointExtension>
            <gpxtpx:hr>150</gpxtpx:hr>
          </gpxtpx:TrackPointExtension>
        </extensions>
      </trkpt>
      <trkpt lat="22.554765448218742" lon="113.8932652001607">
        <time>2026-08-22T12:40:07Z</time>
        <extensions>
          <gpxtpx:TrackPointExtension>
            <gpxtpx:hr>150</gpxtpx:hr>
          </gpxtpx:TrackPointExtension>
        </extensions>
      </trkpt>
      <trkpt lat="22.554772445704682" lon="113.89325318917726">
        <time>2026-08-22T12:40:08Z</time>
        <extensions>
          <gpxtpx:TrackPointExtension>
            <gpxtpx:hr>150</gpxtpx:hr>
          </gpxtpx:TrackPointExtension>
        </extensions>
      </trkpt>
      <trkpt lat="22.554781444008256" lon="113.89324718333556">
        <time>2026-08-22T12:40:09Z</time>
        <extensions>
          <gpxtpx:TrackPointExtension>
            <gpxtpx:hr>150</gpxtpx:hr>
          </gpxtpx:TrackPointExtension>
        </extensions>
      </trkpt>
      <trkpt lat="22.554798440361452" lon="113.89323316995123">
        <time>2026-08-22T12:40:10Z</time>
        <extensions>
          <gpxtpx:TrackPointExtension>
            <gpxtpx:hr>150</gpxtpx:hr>
          </gpxtpx:TrackPointExtension>
        </extensions>
      </trkpt>
      <trkpt lat="22.554814437279795" lon="113.89322215926168">
        <time>2026-08-22T12:40:11Z</time>
        <extensions>
          <gpxtpx:TrackPointExtension>
            <gpxtpx:hr>152</gpxtpx:hr>
          </gpxtpx:TrackPointExtension>
        </extensions>
      </trkpt>
      <trkpt lat="22.554818436632154" lon="113.89322015724862">
        <time>2026-08-22T12:40:12Z</time>
        <extensions>
          <gpxtpx:TrackPointExtension>
            <gpxtpx:hr>152</gpxtpx:hr>
          </gpxtpx:TrackPointExtension>
        </extensions>
      </trkpt>
      <trkpt lat="22.554846429108398" lon="113.89318812728905">
        <time>2026-08-22T12:40:13Z</time>
        <extensions>
          <gpxtpx:TrackPointExtension>
            <gpxtpx:hr>152</gpxtpx:hr>
          </gpxtpx:TrackPointExtension>
        </extensions>
      </trkpt>
      <trkpt lat="22.554865425599004" lon="113.89317611550506">
        <time>2026-08-22T12:40:14Z</time>
        <extensions>
          <gpxtpx:TrackPointExtension>
            <gpxtpx:hr>152</gpxtpx:hr>
          </gpxtpx:TrackPointExtension>
        </extensions>
      </trkpt>
      <trkpt lat="22.554874421204303" lon="113.89315409551617">
        <time>2026-08-22T12:40:15Z</time>
        <extensions>
          <gpxtpx:TrackPointExtension>
            <gpxtpx:hr>152</gpxtpx:hr>
          </gpxtpx:TrackPointExtension>
        </extensions>
      </trkpt>
      <trkpt lat="22.554888417233226" lon="113.89313707960986">
        <time>2026-08-22T12:40:16Z</time>
        <extensions>
          <gpxtpx:TrackPointExtension>
            <gpxtpx:hr>152</gpxtpx:hr>
          </gpxtpx:TrackPointExtension>
        </extensions>
      </trkpt>
      <trkpt lat="22.554899412642108" lon="113.89311505945528">
        <time>2026-08-22T12:40:17Z</time>
        <extensions>
          <gpxtpx:TrackPointExtension>
            <gpxtpx:hr>152</gpxtpx:hr>
          </gpxtpx:TrackPointExtension>
        </extensions>
      </trkpt>
      <trkpt lat="22.55490640970957" lon="113.89310104661811">
        <time>2026-08-22T12:40:18Z</time>
        <extensions>
          <gpxtpx:TrackPointExtension>
            <gpxtpx:hr>152</gpxtpx:hr>
          </gpxtpx:TrackPointExtension>
        </extensions>
      </trkpt>
      <trkpt lat="22.554920405869833" lon="113.89308503155696">
        <time>2026-08-22T12:40:19Z</time>
        <extensions>
          <gpxtpx:TrackPointExtension>
            <gpxtpx:hr>152</gpxtpx:hr>
          </gpxtpx:TrackPointExtension>
        </extensions>
      </trkpt>
      <trkpt lat="22.554942402237568" lon="113.89307402041374">
        <time>2026-08-22T12:40:20Z</time>
        <extensions>
          <gpxtpx:TrackPointExtension>
            <gpxtpx:hr>152</gpxtpx:hr>
          </gpxtpx:TrackPointExtension>
        </extensions>
      </trkpt>
      <trkpt lat="22.554949400652323" lon="113.89306801464919">
        <time>2026-08-22T12:40:21Z</time>
        <extensions>
          <gpxtpx:TrackPointExtension>
            <gpxtpx:hr>150</gpxtpx:hr>
          </gpxtpx:TrackPointExtension>
        </extensions>
      </trkpt>
      <trkpt lat="22.554964397569165" lon="113.89305700393967">
        <time>2026-08-22T12:40:22Z</time>
        <extensions>
          <gpxtpx:TrackPointExtension>
            <gpxtpx:hr>150</gpxtpx:hr>
          </gpxtpx:TrackPointExtension>
        </extensions>
      </trkpt>
      <trkpt lat="22.554983394506145" lon="113.89304799474817">
        <time>2026-08-22T12:40:23Z</time>
        <extensions>
          <gpxtpx:TrackPointExtension>
            <gpxtpx:hr>150</gpxtpx:hr>
          </gpxtpx:TrackPointExtension>
        </extensions>
      </trkpt>
      <trkpt lat="22.55499839175819" lon="113.89303898580567">
        <time>2026-08-22T12:40:24Z</time>
        <extensions>
          <gpxtpx:TrackPointExtension>
            <gpxtpx:hr>150</gpxtpx:hr>
          </gpxtpx:TrackPointExtension>
        </extensions>
      </trkpt>
      <trkpt lat="22.555019390083128" lon="113.89303898447882">
        <time>2026-08-22T12:40:25Z</time>
        <extensions>
          <gpxtpx:TrackPointExtension>
            <gpxtpx:hr>150</gpxtpx:hr>
          </gpxtpx:TrackPointExtension>
        </extensions>
      </trkpt>
      <trkpt lat="22.555036385959284" lon="113.8930229691827">
        <time>2026-08-22T12:40:26Z</time>
        <extensions>
          <gpxtpx:TrackPointExtension>
            <gpxtpx:hr>148</gpxtpx:hr>
          </gpxtpx:TrackPointExtension>
        </extensions>
      </trkpt>
      <trkpt lat="22.555053382345854" lon="113.89300995654456">
        <time>2026-08-22T12:40:27Z</time>
        <extensions>
          <gpxtpx:TrackPointExtension>
            <gpxtpx:hr>148</gpxtpx:hr>
          </gpxtpx:TrackPointExtension>
        </extensions>
      </trkpt>
      <trkpt lat="22.555068378710025" lon="113.8929959431346">
        <time>2026-08-22T12:40:28Z</time>
        <extensions>
          <gpxtpx:TrackPointExtension>
            <gpxtpx:hr>148</gpxtpx:hr>
          </gpxtpx:TrackPointExtension>
        </extensions>
      </trkpt>
      <trkpt lat="22.555075375704337" lon="113.89298193022114">
        <time>2026-08-22T12:40:29Z</time>
        <extensions>
          <gpxtpx:TrackPointExtension>
            <gpxtpx:hr>148</gpxtpx:hr>
          </gpxtpx:TrackPointExtension>
        </extensions>
      </trkpt>
      <trkpt lat="22.555090371875547" lon="113.89296691590145">
        <time>2026-08-22T12:40:30Z</time>
        <extensions>
          <gpxtpx:TrackPointExtension>
            <gpxtpx:hr>148</gpxtpx:hr>
          </gpxtpx:TrackPointExtension>
        </extensions>
      </trkpt>
      <trkpt lat="22.55510337013391" lon="113.89296291151247">
        <time>2026-08-22T12:40:31Z</time>
        <extensions>
          <gpxtpx:TrackPointExtension>
            <gpxtpx:hr>149</gpxtpx:hr>
          </gpxtpx:TrackPointExtension>
        </extensions>
      </trkpt>
      <trkpt lat="22.555120366132506" lon="113.89294789705338">
        <time>2026-08-22T12:40:32Z</time>
        <extensions>
          <gpxtpx:TrackPointExtension>
            <gpxtpx:hr>149</gpxtpx:hr>
          </gpxtpx:TrackPointExtension>
        </extensions>
      </trkpt>
      <trkpt lat="22.55512736345165" lon="113.8929358858957">
        <time>2026-08-22T12:40:33Z</time>
        <extensions>
          <gpxtpx:TrackPointExtension>
            <gpxtpx:hr>149</gpxtpx:hr>
          </gpxtpx:TrackPointExtension>
        </extensions>
      </trkpt>
      <trkpt lat="22.555140359752077" lon="113.89292087167081">
        <time>2026-08-22T12:40:34Z</time>
        <extensions>
          <gpxtpx:TrackPointExtension>
            <gpxtpx:hr>149</gpxtpx:hr>
          </gpxtpx:TrackPointExtension>
        </extensions>
      </trkpt>
      <trkpt lat="22.555155355169028" lon="113.8929018537305">
        <time>2026-08-22T12:40:35Z</time>
        <extensions>
          <gpxtpx:TrackPointExtension>
            <gpxtpx:hr>149</gpxtpx:hr>
          </gpxtpx:TrackPointExtension>
        </extensions>
      </trkpt>
      <trkpt lat="22.555176351702457" lon="113.89289184345355">
        <time>2026-08-22T12:40:36Z</time>
        <extensions>
          <gpxtpx:TrackPointExtension>
            <gpxtpx:hr>152</gpxtpx:hr>
          </gpxtpx:TrackPointExtension>
        </extensions>
      </trkpt>
      <trkpt lat="22.555190348073264" lon="113.89287783003117">
        <time>2026-08-22T12:40:37Z</time>
        <extensions>
          <gpxtpx:TrackPointExtension>
            <gpxtpx:hr>152</gpxtpx:hr>
          </gpxtpx:TrackPointExtension>
        </extensions>
      </trkpt>
      <trkpt lat="22.55520834483551" lon="113.8928678199328">
        <time>2026-08-22T12:40:38Z</time>
        <extensions>
          <gpxtpx:TrackPointExtension>
            <gpxtpx:hr>152</gpxtpx:hr>
          </gpxtpx:TrackPointExtension>
        </extensions>
      </trkpt>
      <trkpt lat="22.555219339080445" lon="113.89284079502009">
        <time>2026-08-22T12:40:39Z</time>
        <extensions>
          <gpxtpx:TrackPointExtension>
            <gpxtpx:hr>152</gpxtpx:hr>
          </gpxtpx:TrackPointExtension>
        </extensions>
      </trkpt>
      <trkpt lat="22.55523133248439" lon="113.89280976641528">
        <time>2026-08-22T12:40:40Z</time>
        <extensions>
          <gpxtpx:TrackPointExtension>
            <gpxtpx:hr>152</gpxtpx:hr>
          </gpxtpx:TrackPointExtension>
        </extensions>
      </trkpt>
      <trkpt lat="22.55526032650455" lon="113.89278974659406">
        <time>2026-08-22T12:40:41Z</time>
        <extensions>
          <gpxtpx:TrackPointExtension>
            <gpxtpx:hr>152</gpxtpx:hr>
          </gpxtpx:TrackPointExtension>
        </extensions>
      </trkpt>
      <trkpt lat="22.555266321243316" lon="113.89276372280212">
        <time>2026-08-22T12:40:42Z</time>
        <extensions>
          <gpxtpx:TrackPointExtension>
            <gpxtpx:hr>152</gpxtpx:hr>
          </gpxtpx:TrackPointExtension>
        </extensions>
      </trkpt>
      <trkpt lat="22.555273315130403" lon="113.89273369530662">
        <time>2026-08-22T12:40:43Z</time>
        <extensions>
          <gpxtpx:TrackPointExtension>
            <gpxtpx:hr>152</gpxtpx:hr>
          </gpxtpx:TrackPointExtension>
        </extensions>
      </trkpt>
      <trkpt lat="22.55531531064954" lon="113.89272768723723">
        <time>2026-08-22T12:40:44Z</time>
        <extensions>
          <gpxtpx:TrackPointExtension>
            <gpxtpx:hr>152</gpxtpx:hr>
          </gpxtpx:TrackPointExtension>
        </extensions>
      </trkpt>
      <trkpt lat="22.55532830737251" lon="113.89271567557972">
        <time>2026-08-22T12:40:45Z</time>
        <extensions>
          <gpxtpx:TrackPointExtension>
            <gpxtpx:hr>152</gpxtpx:hr>
          </gpxtpx:TrackPointExtension>
        </extensions>
      </trkpt>
      <trkpt lat="22.5553513012274" lon="113.89269265333888">
        <time>2026-08-22T12:40:46Z</time>
        <extensions>
          <gpxtpx:TrackPointExtension>
            <gpxtpx:hr>151</gpxtpx:hr>
          </gpxtpx:TrackPointExtension>
        </extensions>
      </trkpt>
      <trkpt lat="22.55537029707428" lon="113.89267863947322">
        <time>2026-08-22T12:40:47Z</time>
        <extensions>
          <gpxtpx:TrackPointExtension>
            <gpxtpx:hr>151</gpxtpx:hr>
          </gpxtpx:TrackPointExtension>
        </extensions>
      </trkpt>
      <trkpt lat="22.55538229403992" lon="113.89266762875752">
        <time>2026-08-22T12:40:48Z</time>
        <extensions>
          <gpxtpx:TrackPointExtension>
            <gpxtpx:hr>151</gpxtpx:hr>
          </gpxtpx:TrackPointExtension>
        </extensions>
      </trkpt>
      <trkpt lat="22.555390291321242" lon="113.89265661828905">
        <time>2026-08-22T12:40:49Z</time>
        <extensions>
          <gpxtpx:TrackPointExtension>
            <gpxtpx:hr>151</gpxtpx:hr>
          </gpxtpx:TrackPointExtension>
        </extensions>
      </trkpt>
      <trkpt lat="22.555399288706493" lon="113.89264660865832">
        <time>2026-08-22T12:40:50Z</time>
        <extensions>
          <gpxtpx:TrackPointExtension>
            <gpxtpx:hr>151</gpxtpx:hr>
          </gpxtpx:TrackPointExtension>
        </extensions>
      </trkpt>
      <trkpt lat="22.555398286130306" lon="113.89263259602698">
        <time>2026-08-22T12:40:51Z</time>
        <extensions>
          <gpxtpx:TrackPointExtension>
            <gpxtpx:hr>150</gpxtpx:hr>
          </gpxtpx:TrackPointExtension>
        </extensions>
      </trkpt>
      <trkpt lat="22.55541728098623" lon="113.8926135775838">
        <time>2026-08-22T12:40:52Z</time>
        <extensions>
          <gpxtpx:TrackPointExtension>
            <gpxtpx:hr>150</gpxtpx:hr>
          </gpxtpx:TrackPointExtension>
        </extensions>
      </trkpt>
      <trkpt lat="22.55545627249265" lon="113.8925855496793">
        <time>2026-08-22T12:40:53Z</time>
        <extensions>
          <gpxtpx:TrackPointExtension>
            <gpxtpx:hr>150</gpxtpx:hr>
          </gpxtpx:TrackPointExtension>
        </extensions>
      </trkpt>
      <trkpt lat="22.555472266778125" lon="113.8925625277442">
        <time>2026-08-22T12:40:54Z</time>
        <extensions>
          <gpxtpx:TrackPointExtension>
            <gpxtpx:hr>150</gpxtpx:hr>
          </gpxtpx:TrackPointExtension>
        </extensions>
      </trkpt>
      <trkpt lat="22.55548626255856" lon="113.89254651228947">
        <time>2026-08-22T12:40:55Z</time>
        <extensions>
          <gpxtpx:TrackPointExtension>
            <gpxtpx:hr>150</gpxtpx:hr>
          </gpxtpx:TrackPointExtension>
        </extensions>
      </trkpt>
      <trkpt lat="22.555504258006124" lon="113.89253049657027">
        <time>2026-08-22T12:40:56Z</time>
        <extensions>
          <gpxtpx:TrackPointExtension>
            <gpxtpx:hr>150</gpxtpx:hr>
          </gpxtpx:TrackPointExtension>
        </extensions>
      </trkpt>
      <trkpt lat="22.555509253316462" lon="113.89250847618526">
        <time>2026-08-22T12:40:57Z</time>
        <extensions>
          <gpxtpx:TrackPointExtension>
            <gpxtpx:hr>150</gpxtpx:hr>
          </gpxtpx:TrackPointExtension>
        </extensions>
      </trkpt>
      <trkpt lat="22.55552124843554" lon="113.89248845716322">
        <time>2026-08-22T12:40:58Z</time>
        <extensions>
          <gpxtpx:TrackPointExtension>
            <gpxtpx:hr>150</gpxtpx:hr>
          </gpxtpx:TrackPointExtension>
        </extensions>
      </trkpt>
      <trkpt lat="22.55556824249268" lon="113.89247744414052">
        <time>2026-08-22T12:40:59Z</time>
        <extensions>
          <gpxtpx:TrackPointExtension>
            <gpxtpx:hr>150</gpxtpx:hr>
          </gpxtpx:TrackPointExtension>
        </extensions>
      </trkpt>
      <trkpt lat="22.55558723702066" lon="113.8924574246479">
        <time>2026-08-22T12:41:00Z</time>
        <extensions>
          <gpxtpx:TrackPointExtension>
            <gpxtpx:hr>150</gpxtpx:hr>
          </gpxtpx:TrackPointExtension>
        </extensions>
      </trkpt>
      <trkpt lat="22.555614231481652" lon="113.89244040737921">
        <time>2026-08-22T12:41:01Z</time>
        <extensions>
          <gpxtpx:TrackPointExtension>
            <gpxtpx:hr>148</gpxtpx:hr>
          </gpxtpx:TrackPointExtension>
        </extensions>
      </trkpt>
      <trkpt lat="22.555636227922896" lon="113.8924313977447">
        <time>2026-08-22T12:41:02Z</time>
        <extensions>
          <gpxtpx:TrackPointExtension>
            <gpxtpx:hr>148</gpxtpx:hr>
          </gpxtpx:TrackPointExtension>
        </extensions>
      </trkpt>
      <trkpt lat="22.555646225526335" lon="113.8924233897814">
        <time>2026-08-22T12:41:03Z</time>
        <extensions>
          <gpxtpx:TrackPointExtension>
            <gpxtpx:hr>148</gpxtpx:hr>
          </gpxtpx:TrackPointExtension>
        </extensions>
      </trkpt>
      <trkpt lat="22.555649223491784" lon="113.89241438134049">
        <time>2026-08-22T12:41:04Z</time>
        <extensions>
          <gpxtpx:TrackPointExtension>
            <gpxtpx:hr>148</gpxtpx:hr>
          </gpxtpx:TrackPointExtension>
        </extensions>
      </trkpt>
      <trkpt lat="22.555660219009177" lon="113.89239636413167">
        <time>2026-08-22T12:41:05Z</time>
        <extensions>
          <gpxtpx:TrackPointExtension>
            <gpxtpx:hr>148</gpxtpx:hr>
          </gpxtpx:TrackPointExtension>
        </extensions>
      </trkpt>
      <trkpt lat="22.555670213990194" lon="113.89237534421505">
        <time>2026-08-22T12:41:06Z</time>
        <extensions>
          <gpxtpx:TrackPointExtension>
            <gpxtpx:hr>148</gpxtpx:hr>
          </gpxtpx:TrackPointExtension>
        </extensions>
      </trkpt>
      <trkpt lat="22.55567920822468" lon="113.89235032066215">
        <time>2026-08-22T12:41:07Z</time>
        <extensions>
          <gpxtpx:TrackPointExtension>
            <gpxtpx:hr>148</gpxtpx:hr>
          </gpxtpx:TrackPointExtension>
        </extensions>
      </trkpt>
      <trkpt lat="22.555692202312866" lon="113.89232629774902">
        <time>2026-08-22T12:41:08Z</time>
        <extensions>
          <gpxtpx:TrackPointExtension>
            <gpxtpx:hr>148</gpxtpx:hr>
          </gpxtpx:TrackPointExtension>
        </extensions>
      </trkpt>
      <trkpt lat="22.55569719804191" lon="113.89230727992525">
        <time>2026-08-22T12:41:09Z</time>
        <extensions>
          <gpxtpx:TrackPointExtension>
            <gpxtpx:hr>148</gpxtpx:hr>
          </gpxtpx:TrackPointExtension>
        </extensions>
      </trkpt>
      <trkpt lat="22.555692195585486" lon="113.89229326733016">
        <time>2026-08-22T12:41:10Z</time>
        <extensions>
          <gpxtpx:TrackPointExtension>
            <gpxtpx:hr>148</gpxtpx:hr>
          </gpxtpx:TrackPointExtension>
        </extensions>
      </trkpt>
      <trkpt lat="22.555703190187366" lon="113.89227124632826">
        <time>2026-08-22T12:41:11Z</time>
        <extensions>
          <gpxtpx:TrackPointExtension>
            <gpxtpx:hr>147</gpxtpx:hr>
          </gpxtpx:TrackPointExtension>
        </extensions>
      </trkpt>
      <trkpt lat="22.55570718574597" lon="113.89225122759562">
        <time>2026-08-22T12:41:12Z</time>
        <extensions>
          <gpxtpx:TrackPointExtension>
            <gpxtpx:hr>147</gpxtpx:hr>
          </gpxtpx:TrackPointExtension>
        </extensions>
      </trkpt>
      <trkpt lat="22.55571118128744" lon="113.89223120884478">
        <time>2026-08-22T12:41:13Z</time>
        <extensions>
          <gpxtpx:TrackPointExtension>
            <gpxtpx:hr>147</gpxtpx:hr>
          </gpxtpx:TrackPointExtension>
        </extensions>
      </trkpt>
      <trkpt lat="22.555725176420896" lon="113.89221319129625">
        <time>2026-08-22T12:41:14Z</time>
        <extensions>
          <gpxtpx:TrackPointExtension>
            <gpxtpx:hr>147</gpxtpx:hr>
          </gpxtpx:TrackPointExtension>
        </extensions>
      </trkpt>
      <trkpt lat="22.55574816914229" lon="113.8921871657468">
        <time>2026-08-22T12:41:15Z</time>
        <extensions>
          <gpxtpx:TrackPointExtension>
            <gpxtpx:hr>147</gpxtpx:hr>
          </gpxtpx:TrackPointExtension>
        </extensions>
      </trkpt>
      <trkpt lat="22.55575316601671" lon="113.89217415337127">
        <time>2026-08-22T12:41:16Z</time>
        <extensions>
          <gpxtpx:TrackPointExtension>
            <gpxtpx:hr>146</gpxtpx:hr>
          </gpxtpx:TrackPointExtension>
        </extensions>
      </trkpt>
      <trkpt lat="22.555763163950566" lon="113.8921681471708">
        <time>2026-08-22T12:41:17Z</time>
        <extensions>
          <gpxtpx:TrackPointExtension>
            <gpxtpx:hr>146</gpxtpx:hr>
          </gpxtpx:TrackPointExtension>
        </extensions>
      </trkpt>
      <trkpt lat="22.555803156301916" lon="113.89214712514035">
        <time>2026-08-22T12:41:18Z</time>
        <extensions>
          <gpxtpx:TrackPointExtension>
            <gpxtpx:hr>146</gpxtpx:hr>
          </gpxtpx:TrackPointExtension>
        </extensions>
      </trkpt>
      <trkpt lat="22.55582815132591" lon="113.89213311054752">
        <time>2026-08-22T12:41:19Z</time>
        <extensions>
          <gpxtpx:TrackPointExtension>
            <gpxtpx:hr>146</gpxtpx:hr>
          </gpxtpx:TrackPointExtension>
        </extensions>
      </trkpt>
      <trkpt lat="22.55584614733068" lon="113.89212109824894">
        <time>2026-08-22T12:41:20Z</time>
        <extensions>
          <gpxtpx:TrackPointExtension>
            <gpxtpx:hr>146</gpxtpx:hr>
          </gpxtpx:TrackPointExtension>
        </extensions>
      </trkpt>
      <trkpt lat="22.555862143278183" lon="113.89210808513924">
        <time>2026-08-22T12:41:21Z</time>
        <extensions>
          <gpxtpx:TrackPointExtension>
            <gpxtpx:hr>144</gpxtpx:hr>
          </gpxtpx:TrackPointExtension>
        </extensions>
      </trkpt>
      <trkpt lat="22.555878140921017" lon="113.89210307947282">
        <time>2026-08-22T12:41:22Z</time>
        <extensions>
          <gpxtpx:TrackPointExtension>
            <gpxtpx:hr>144</gpxtpx:hr>
          </gpxtpx:TrackPointExtension>
        </extensions>
      </trkpt>
      <trkpt lat="22.555892136593116" lon="113.8920880646152">
        <time>2026-08-22T12:41:23Z</time>
        <extensions>
          <gpxtpx:TrackPointExtension>
            <gpxtpx:hr>144</gpxtpx:hr>
          </gpxtpx:TrackPointExtension>
        </extensions>
      </trkpt>
      <trkpt lat="22.555896134133985" lon="113.89207805504144">
        <time>2026-08-22T12:41:24Z</time>
        <extensions>
          <gpxtpx:TrackPointExtension>
            <gpxtpx:hr>144</gpxtpx:hr>
          </gpxtpx:TrackPointExtension>
        </extensions>
      </trkpt>
      <trkpt lat="22.555893131165575" lon="113.89206304124102">
        <time>2026-08-22T12:41:25Z</time>
        <extensions>
          <gpxtpx:TrackPointExtension>
            <gpxtpx:hr>144</gpxtpx:hr>
          </gpxtpx:TrackPointExtension>
        </extensions>
      </trkpt>
      <trkpt lat="22.555905126543475" lon="113.892046024615">
        <time>2026-08-22T12:41:26Z</time>
        <extensions>
          <gpxtpx:TrackPointExtension>
            <gpxtpx:hr>142</gpxtpx:hr>
          </gpxtpx:TrackPointExtension>
        </extensions>
      </trkpt>
      <trkpt lat="22.555909123850757" lon="113.89203501408788">
        <time>2026-08-22T12:41:27Z</time>
        <extensions>
          <gpxtpx:TrackPointExtension>
            <gpxtpx:hr>142</gpxtpx:hr>
          </gpxtpx:TrackPointExtension>
        </extensions>
      </trkpt>
      <trkpt lat="22.555913120936765" lon="113.89202300262046">
        <time>2026-08-22T12:41:28Z</time>
        <extensions>
          <gpxtpx:TrackPointExtension>
            <gpxtpx:hr>142</gpxtpx:hr>
          </gpxtpx:TrackPointExtension>
        </extensions>
      </trkpt>
      <trkpt lat="22.55592511650212" lon="113.89200698689909">
        <time>2026-08-22T12:41:29Z</time>
        <extensions>
          <gpxtpx:TrackPointExtension>
            <gpxtpx:hr>142</gpxtpx:hr>
          </gpxtpx:TrackPointExtension>
        </extensions>
      </trkpt>
      <trkpt lat="22.55593711183886" lon="113.89198997022976">
        <time>2026-08-22T12:41:30Z</time>
        <extensions>
          <gpxtpx:TrackPointExtension>
            <gpxtpx:hr>142</gpxtpx:hr>
          </gpxtpx:TrackPointExtension>
        </extensions>
      </trkpt>
      <trkpt lat="22.555952108882536" lon="113.8919819617898">
        <time>2026-08-22T12:41:31Z</time>
        <extensions>
          <gpxtpx:TrackPointExtension>
            <gpxtpx:hr>139</gpxtpx:hr>
          </gpxtpx:TrackPointExtension>
        </extensions>
      </trkpt>
      <trkpt lat="22.555961105536124" lon="113.89196994997748">
        <time>2026-08-22T12:41:32Z</time>
        <extensions>
          <gpxtpx:TrackPointExtension>
            <gpxtpx:hr>139</gpxtpx:hr>
          </gpxtpx:TrackPointExtension>
        </extensions>
      </trkpt>
      <trkpt lat="22.555974102515822" lon="113.891960940719">
        <time>2026-08-22T12:41:33Z</time>
        <extensions>
          <gpxtpx:TrackPointExtension>
            <gpxtpx:hr>139</gpxtpx:hr>
          </gpxtpx:TrackPointExtension>
        </extensions>
      </trkpt>
      <trkpt lat="22.55598709751786" lon="113.89194292301246">
        <time>2026-08-22T12:41:34Z</time>
        <extensions>
          <gpxtpx:TrackPointExtension>
            <gpxtpx:hr>139</gpxtpx:hr>
          </gpxtpx:TrackPointExtension>
        </extensions>
      </trkpt>
      <trkpt lat="22.556017099030477" lon="113.89196093800174">
        <time>2026-08-22T12:41:35Z</time>
        <extensions>
          <gpxtpx:TrackPointExtension>
            <gpxtpx:hr>139</gpxtpx:hr>
          </gpxtpx:TrackPointExtension>
        </extensions>
      </trkpt>
      <trkpt lat="22.556051100421545" lon="113.89197995366031">
        <time>2026-08-22T12:41:36Z</time>
        <extensions>
          <gpxtpx:TrackPointExtension>
            <gpxtpx:hr>140</gpxtpx:hr>
          </gpxtpx:TrackPointExtension>
        </extensions>
      </trkpt>
      <trkpt lat="22.556058095048527" lon="113.8919579325977">
        <time>2026-08-22T12:41:37Z</time>
        <extensions>
          <gpxtpx:TrackPointExtension>
            <gpxtpx:hr>140</gpxtpx:hr>
          </gpxtpx:TrackPointExtension>
        </extensions>
      </trkpt>
      <trkpt lat="22.556080091072246" lon="113.89194792182735">
        <time>2026-08-22T12:41:38Z</time>
        <extensions>
          <gpxtpx:TrackPointExtension>
            <gpxtpx:hr>140</gpxtpx:hr>
          </gpxtpx:TrackPointExtension>
        </extensions>
      </trkpt>
      <trkpt lat="22.55608908704725" lon="113.89193290717992">
        <time>2026-08-22T12:41:39Z</time>
        <extensions>
          <gpxtpx:TrackPointExtension>
            <gpxtpx:hr>140</gpxtpx:hr>
          </gpxtpx:TrackPointExtension>
        </extensions>
      </trkpt>
      <trkpt lat="22.556099084474447" lon="113.89192489903516">
        <time>2026-08-22T12:41:40Z</time>
        <extensions>
          <gpxtpx:TrackPointExtension>
            <gpxtpx:hr>140</gpxtpx:hr>
          </gpxtpx:TrackPointExtension>
        </extensions>
      </trkpt>
      <trkpt lat="22.5561120794467" lon="113.89190688129916">
        <time>2026-08-22T12:41:41Z</time>
        <extensions>
          <gpxtpx:TrackPointExtension>
            <gpxtpx:hr>143</gpxtpx:hr>
          </gpxtpx:TrackPointExtension>
        </extensions>
      </trkpt>
      <trkpt lat="22.556116074470186" lon="113.8918858612942">
        <time>2026-08-22T12:41:42Z</time>
        <extensions>
          <gpxtpx:TrackPointExtension>
            <gpxtpx:hr>143</gpxtpx:hr>
          </gpxtpx:TrackPointExtension>
        </extensions>
      </trkpt>
      <trkpt lat="22.55612607076896" lon="113.89187284842468">
        <time>2026-08-22T12:41:43Z</time>
        <extensions>
          <gpxtpx:TrackPointExtension>
            <gpxtpx:hr>143</gpxtpx:hr>
          </gpxtpx:TrackPointExtension>
        </extensions>
      </trkpt>
      <trkpt lat="22.55613706675607" lon="113.89185883454203">
        <time>2026-08-22T12:41:44Z</time>
        <extensions>
          <gpxtpx:TrackPointExtension>
            <gpxtpx:hr>143</gpxtpx:hr>
          </gpxtpx:TrackPointExtension>
        </extensions>
      </trkpt>
      <trkpt lat="22.55615605962124" lon="113.89183380977005">
        <time>2026-08-22T12:41:45Z</time>
        <extensions>
          <gpxtpx:TrackPointExtension>
            <gpxtpx:hr>143</gpxtpx:hr>
          </gpxtpx:TrackPointExtension>
        </extensions>
      </trkpt>
      <trkpt lat="22.556167056483368" lon="113.89182379963844">
        <time>2026-08-22T12:41:46Z</time>
        <extensions>
          <gpxtpx:TrackPointExtension>
            <gpxtpx:hr>143</gpxtpx:hr>
          </gpxtpx:TrackPointExtension>
        </extensions>
      </trkpt>
      <trkpt lat="22.556171051883112" lon="113.89180478144387">
        <time>2026-08-22T12:41:47Z</time>
        <extensions>
          <gpxtpx:TrackPointExtension>
            <gpxtpx:hr>143</gpxtpx:hr>
          </gpxtpx:TrackPointExtension>
        </extensions>
      </trkpt>
      <trkpt lat="22.55618804779308" lon="113.89179276902945">
        <time>2026-08-22T12:41:48Z</time>
        <extensions>
          <gpxtpx:TrackPointExtension>
            <gpxtpx:hr>143</gpxtpx:hr>
          </gpxtpx:TrackPointExtension>
        </extensions>
      </trkpt>
      <trkpt lat="22.5562100407965" lon="113.89176974588567">
        <time>2026-08-22T12:41:49Z</time>
        <extensions>
          <gpxtpx:TrackPointExtension>
            <gpxtpx:hr>143</gpxtpx:hr>
          </gpxtpx:TrackPointExtension>
        </extensions>
      </trkpt>
      <trkpt lat="22.556221036720896" lon="113.8917557319375">
        <time>2026-08-22T12:41:50Z</time>
        <extensions>
          <gpxtpx:TrackPointExtension>
            <gpxtpx:hr>143</gpxtpx:hr>
          </gpxtpx:TrackPointExtension>
        </extensions>
      </trkpt>
      <trkpt lat="22.556231034085958" lon="113.8917477237284">
        <time>2026-08-22T12:41:51Z</time>
        <extensions>
          <gpxtpx:TrackPointExtension>
            <gpxtpx:hr>143</gpxtpx:hr>
          </gpxtpx:TrackPointExtension>
        </extensions>
      </trkpt>
      <trkpt lat="22.556256027028635" lon="113.89172570129638">
        <time>2026-08-22T12:41:52Z</time>
        <extensions>
          <gpxtpx:TrackPointExtension>
            <gpxtpx:hr>143</gpxtpx:hr>
          </gpxtpx:TrackPointExtension>
        </extensions>
      </trkpt>
      <trkpt lat="22.556277019586215" lon="113.89170067624698">
        <time>2026-08-22T12:41:53Z</time>
        <extensions>
          <gpxtpx:TrackPointExtension>
            <gpxtpx:hr>143</gpxtpx:hr>
          </gpxtpx:TrackPointExtension>
        </extensions>
      </trkpt>
      <trkpt lat="22.556293014600293" lon="113.8916846600387">
        <time>2026-08-22T12:41:54Z</time>
        <extensions>
          <gpxtpx:TrackPointExtension>
            <gpxtpx:hr>143</gpxtpx:hr>
          </gpxtpx:TrackPointExtension>
        </extensions>
      </trkpt>
      <trkpt lat="22.556310010446158" lon="113.89167264755888">
        <time>2026-08-22T12:41:55Z</time>
        <extensions>
          <gpxtpx:TrackPointExtension>
            <gpxtpx:hr>143</gpxtpx:hr>
          </gpxtpx:TrackPointExtension>
        </extensions>
      </trkpt>
      <trkpt lat="22.556326005672155" lon="113.8916576322817">
        <time>2026-08-22T12:41:56Z</time>
        <extensions>
          <gpxtpx:TrackPointExtension>
            <gpxtpx:hr>142</gpxtpx:hr>
          </gpxtpx:TrackPointExtension>
        </extensions>
      </trkpt>
      <trkpt lat="22.5563320014709" lon="113.89164161667414">
        <time>2026-08-22T12:41:57Z</time>
        <extensions>
          <gpxtpx:TrackPointExtension>
            <gpxtpx:hr>142</gpxtpx:hr>
          </gpxtpx:TrackPointExtension>
        </extensions>
      </trkpt>
      <trkpt lat="22.556352998596896" lon="113.89163661058579">
        <time>2026-08-22T12:41:58Z</time>
        <extensions>
          <gpxtpx:TrackPointExtension>
            <gpxtpx:hr>142</gpxtpx:hr>
          </gpxtpx:TrackPointExtension>
        </extensions>
      </trkpt>
      <trkpt lat="22.556353998282777" lon="113.8916356095702">
        <time>2026-08-22T12:41:59Z</time>
        <extensions>
          <gpxtpx:TrackPointExtension>
            <gpxtpx:hr>142</gpxtpx:hr>
          </gpxtpx:TrackPointExtension>
        </extensions>
      </trkpt>
      <trkpt lat="22.556374992609875" lon="113.89161859204559">
        <time>2026-08-22T12:42:00Z</time>
        <extensions>
          <gpxtpx:TrackPointExtension>
            <gpxtpx:hr>142</gpxtpx:hr>
          </gpxtpx:TrackPointExtension>
        </extensions>
      </trkpt>
      <trkpt lat="22.55639298880622" lon="113.89160858137399">
        <time>2026-08-22T12:42:01Z</time>
        <extensions>
          <gpxtpx:TrackPointExtension>
            <gpxtpx:hr>139</gpxtpx:hr>
          </gpxtpx:TrackPointExtension>
        </extensions>
      </trkpt>
      <trkpt lat="22.556399985661162" lon="113.89159757043889">
        <time>2026-08-22T12:42:02Z</time>
        <extensions>
          <gpxtpx:TrackPointExtension>
            <gpxtpx:hr>139</gpxtpx:hr>
          </gpxtpx:TrackPointExtension>
        </extensions>
      </trkpt>
      <trkpt lat="22.556408978822354" lon="113.8915715450473">
        <time>2026-08-22T12:42:03Z</time>
        <extensions>
          <gpxtpx:TrackPointExtension>
            <gpxtpx:hr>139</gpxtpx:hr>
          </gpxtpx:TrackPointExtension>
        </extensions>
      </trkpt>
      <trkpt lat="22.556422974144972" lon="113.89155652982777">
        <time>2026-08-22T12:42:04Z</time>
        <extensions>
          <gpxtpx:TrackPointExtension>
            <gpxtpx:hr>139</gpxtpx:hr>
          </gpxtpx:TrackPointExtension>
        </extensions>
      </trkpt>
      <trkpt lat="22.556432967889947" lon="113.89153350719596">
        <time>2026-08-22T12:42:05Z</time>
        <extensions>
          <gpxtpx:TrackPointExtension>
            <gpxtpx:hr>139</gpxtpx:hr>
          </gpxtpx:TrackPointExtension>
        </extensions>
      </trkpt>
      <trkpt lat="22.556445966117625" lon="113.8915305035031">
        <time>2026-08-22T12:42:06Z</time>
        <extensions>
          <gpxtpx:TrackPointExtension>
            <gpxtpx:hr>139</gpxtpx:hr>
          </gpxtpx:TrackPointExtension>
        </extensions>
      </trkpt>
      <trkpt lat="22.556457960625448" lon="113.89151148455029">
        <time>2026-08-22T12:42:07Z</time>
        <extensions>
          <gpxtpx:TrackPointExtension>
            <gpxtpx:hr>139</gpxtpx:hr>
          </gpxtpx:TrackPointExtension>
        </extensions>
      </trkpt>
      <trkpt lat="22.556457954664715" lon="113.89148646058527">
        <time>2026-08-22T12:42:08Z</time>
        <extensions>
          <gpxtpx:TrackPointExtension>
            <gpxtpx:hr>139</gpxtpx:hr>
          </gpxtpx:TrackPointExtension>
        </extensions>
      </trkpt>
      <trkpt lat="22.55648294879401" lon="113.89147044365289">
        <time>2026-08-22T12:42:09Z</time>
        <extensions>
          <gpxtpx:TrackPointExtension>
            <gpxtpx:hr>139</gpxtpx:hr>
          </gpxtpx:TrackPointExtension>
        </extensions>
      </trkpt>
      <trkpt lat="22.556501944843088" lon="113.89146043285098">
        <time>2026-08-22T12:42:10Z</time>
        <extensions>
          <gpxtpx:TrackPointExtension>
            <gpxtpx:hr>139</gpxtpx:hr>
          </gpxtpx:TrackPointExtension>
        </extensions>
      </trkpt>
      <trkpt lat="22.556512940097594" lon="113.89144441678448">
        <time>2026-08-22T12:42:11Z</time>
        <extensions>
          <gpxtpx:TrackPointExtension>
            <gpxtpx:hr>140</gpxtpx:hr>
          </gpxtpx:TrackPointExtension>
        </extensions>
      </trkpt>
      <trkpt lat="22.55651694145486" lon="113.89145142325808">
        <time>2026-08-22T12:42:12Z</time>
        <extensions>
          <gpxtpx:TrackPointExtension>
            <gpxtpx:hr>140</gpxtpx:hr>
          </gpxtpx:TrackPointExtension>
        </extensions>
      </trkpt>
      <trkpt lat="22.55652993678063" lon="113.89143640802011">
        <time>2026-08-22T12:42:13Z</time>
        <extensions>
          <gpxtpx:TrackPointExtension>
            <gpxtpx:hr>140</gpxtpx:hr>
          </gpxtpx:TrackPointExtension>
        </extensions>
      </trkpt>
      <trkpt lat="22.556536933070575" lon="113.89142339507528">
        <time>2026-08-22T12:42:14Z</time>
        <extensions>
          <gpxtpx:TrackPointExtension>
            <gpxtpx:hr>140</gpxtpx:hr>
          </gpxtpx:TrackPointExtension>
        </extensions>
      </trkpt>
      <trkpt lat="22.556546929592255" lon="113.89141238385832">
        <time>2026-08-22T12:42:15Z</time>
        <extensions>
          <gpxtpx:TrackPointExtension>
            <gpxtpx:hr>140</gpxtpx:hr>
          </gpxtpx:TrackPointExtension>
        </extensions>
      </trkpt>
      <trkpt lat="22.55657692253064" lon="113.89139336366635">
        <time>2026-08-22T12:42:16Z</time>
        <extensions>
          <gpxtpx:TrackPointExtension>
            <gpxtpx:hr>142</gpxtpx:hr>
          </gpxtpx:TrackPointExtension>
        </extensions>
      </trkpt>
      <trkpt lat="22.556595916596507" lon="113.89137534511741">
        <time>2026-08-22T12:42:17Z</time>
        <extensions>
          <gpxtpx:TrackPointExtension>
            <gpxtpx:hr>142</gpxtpx:hr>
          </gpxtpx:TrackPointExtension>
        </extensions>
      </trkpt>
      <trkpt lat="22.55659891464415" lon="113.89136833817732">
        <time>2026-08-22T12:42:18Z</time>
        <extensions>
          <gpxtpx:TrackPointExtension>
            <gpxtpx:hr>142</gpxtpx:hr>
          </gpxtpx:TrackPointExtension>
        </extensions>
      </trkpt>
      <trkpt lat="22.55661891276303" lon="113.89136733594884">
        <time>2026-08-22T12:42:19Z</time>
        <extensions>
          <gpxtpx:TrackPointExtension>
            <gpxtpx:hr>142</gpxtpx:hr>
          </gpxtpx:TrackPointExtension>
        </extensions>
      </trkpt>
      <trkpt lat="22.55661691023992" lon="113.89135632546234">
        <time>2026-08-22T12:42:20Z</time>
        <extensions>
          <gpxtpx:TrackPointExtension>
            <gpxtpx:hr>142</gpxtpx:hr>
          </gpxtpx:TrackPointExtension>
        </extensions>
      </trkpt>
      <trkpt lat="22.55662990648356" lon="113.8913453140224">
        <time>2026-08-22T12:42:21Z</time>
        <extensions>
          <gpxtpx:TrackPointExtension>
            <gpxtpx:hr>142</gpxtpx:hr>
          </gpxtpx:TrackPointExtension>
        </extensions>
      </trkpt>
      <trkpt lat="22.556634902149323" lon="113.89132929825172">
        <time>2026-08-22T12:42:22Z</time>
        <extensions>
          <gpxtpx:TrackPointExtension>
            <gpxtpx:hr>142</gpxtpx:hr>
          </gpxtpx:TrackPointExtension>
        </extensions>
      </trkpt>
      <trkpt lat="22.55664390411173" lon="113.8913403083093">
        <time>2026-08-22T12:42:23Z</time>
        <extensions>
          <gpxtpx:TrackPointExtension>
            <gpxtpx:hr>142</gpxtpx:hr>
          </gpxtpx:TrackPointExtension>
        </extensions>
      </trkpt>
      <trkpt lat="22.556660890654708" lon="113.89129125985725">
        <time>2026-08-22T12:42:24Z</time>
        <extensions>
          <gpxtpx:TrackPointExtension>
            <gpxtpx:hr>142</gpxtpx:hr>
          </gpxtpx:TrackPointExtension>
        </extensions>
      </trkpt>
      <trkpt lat="22.55665488495154" lon="113.89126623602228">
        <time>2026-08-22T12:42:25Z</time>
        <extensions>
          <gpxtpx:TrackPointExtension>
            <gpxtpx:hr>142</gpxtpx:hr>
          </gpxtpx:TrackPointExtension>
        </extensions>
      </trkpt>
      <trkpt lat="22.556668877084494" lon="113.89123920895445">
        <time>2026-08-22T12:42:26Z</time>
        <extensions>
          <gpxtpx:TrackPointExtension>
            <gpxtpx:hr>143</gpxtpx:hr>
          </gpxtpx:TrackPointExtension>
        </extensions>
      </trkpt>
      <trkpt lat="22.556683871358057" lon="113.89122119053278">
        <time>2026-08-22T12:42:27Z</time>
        <extensions>
          <gpxtpx:TrackPointExtension>
            <gpxtpx:hr>143</gpxtpx:hr>
          </gpxtpx:TrackPointExtension>
        </extensions>
      </trkpt>
      <trkpt lat="22.55670286126828" lon="113.89118715628612">
        <time>2026-08-22T12:42:28Z</time>
        <extensions>
          <gpxtpx:TrackPointExtension>
            <gpxtpx:hr>143</gpxtpx:hr>
          </gpxtpx:TrackPointExtension>
        </extensions>
      </trkpt>
      <trkpt lat="22.556720853992683" lon="113.89116413276433">
        <time>2026-08-22T12:42:29Z</time>
        <extensions>
          <gpxtpx:TrackPointExtension>
            <gpxtpx:hr>143</gpxtpx:hr>
          </gpxtpx:TrackPointExtension>
        </extensions>
      </trkpt>
      <trkpt lat="22.556730850137708" lon="113.89115212044413">
        <time>2026-08-22T12:42:30Z</time>
        <extensions>
          <gpxtpx:TrackPointExtension>
            <gpxtpx:hr>143</gpxtpx:hr>
          </gpxtpx:TrackPointExtension>
        </extensions>
      </trkpt>
      <trkpt lat="22.556743846537657" lon="113.89114210987739">
        <time>2026-08-22T12:42:31Z</time>
        <extensions>
          <gpxtpx:TrackPointExtension>
            <gpxtpx:hr>144</gpxtpx:hr>
          </gpxtpx:TrackPointExtension>
        </extensions>
      </trkpt>
      <trkpt lat="22.556764842530686" lon="113.89113309977571">
        <time>2026-08-22T12:42:32Z</time>
        <extensions>
          <gpxtpx:TrackPointExtension>
            <gpxtpx:hr>144</gpxtpx:hr>
          </gpxtpx:TrackPointExtension>
        </extensions>
      </trkpt>
      <trkpt lat="22.55678483911041" lon="113.89112609168457">
        <time>2026-08-22T12:42:33Z</time>
        <extensions>
          <gpxtpx:TrackPointExtension>
            <gpxtpx:hr>144</gpxtpx:hr>
          </gpxtpx:TrackPointExtension>
        </extensions>
      </trkpt>
      <trkpt lat="22.556807833148394" lon="113.89111007461777">
        <time>2026-08-22T12:42:34Z</time>
        <extensions>
          <gpxtpx:TrackPointExtension>
            <gpxtpx:hr>144</gpxtpx:hr>
          </gpxtpx:TrackPointExtension>
        </extensions>
      </trkpt>
      <trkpt lat="22.556822824505236" lon="113.89108104534127">
        <time>2026-08-22T12:42:35Z</time>
        <extensions>
          <gpxtpx:TrackPointExtension>
            <gpxtpx:hr>144</gpxtpx:hr>
          </gpxtpx:TrackPointExtension>
        </extensions>
      </trkpt>
      <trkpt lat="22.556843818932677" lon="113.8910660293465">
        <time>2026-08-22T12:42:36Z</time>
        <extensions>
          <gpxtpx:TrackPointExtension>
            <gpxtpx:hr>144</gpxtpx:hr>
          </gpxtpx:TrackPointExtension>
        </extensions>
      </trkpt>
      <trkpt lat="22.55686681370042" lon="113.89105301517277">
        <time>2026-08-22T12:42:37Z</time>
        <extensions>
          <gpxtpx:TrackPointExtension>
            <gpxtpx:hr>144</gpxtpx:hr>
          </gpxtpx:TrackPointExtension>
        </extensions>
      </trkpt>
      <trkpt lat="22.556874806336992" lon="113.891026989204">
        <time>2026-08-22T12:42:38Z</time>
        <extensions>
          <gpxtpx:TrackPointExtension>
            <gpxtpx:hr>144</gpxtpx:hr>
          </gpxtpx:TrackPointExtension>
        </extensions>
      </trkpt>
      <trkpt lat="22.556886798875478" lon="113.89100196393295">
        <time>2026-08-22T12:42:39Z</time>
        <extensions>
          <gpxtpx:TrackPointExtension>
            <gpxtpx:hr>144</gpxtpx:hr>
          </gpxtpx:TrackPointExtension>
        </extensions>
      </trkpt>
      <trkpt lat="22.556913791195615" lon="113.89098094161412">
        <time>2026-08-22T12:42:40Z</time>
        <extensions>
          <gpxtpx:TrackPointExtension>
            <gpxtpx:hr>144</gpxtpx:hr>
          </gpxtpx:TrackPointExtension>
        </extensions>
      </trkpt>
      <trkpt lat="22.556920787491702" lon="113.89096892938424">
        <time>2026-08-22T12:42:41Z</time>
        <extensions>
          <gpxtpx:TrackPointExtension>
            <gpxtpx:hr>142</gpxtpx:hr>
          </gpxtpx:TrackPointExtension>
        </extensions>
      </trkpt>
      <trkpt lat="22.556926782294497" lon="113.8909509113116">
        <time>2026-08-22T12:42:42Z</time>
        <extensions>
          <gpxtpx:TrackPointExtension>
            <gpxtpx:hr>142</gpxtpx:hr>
          </gpxtpx:TrackPointExtension>
        </extensions>
      </trkpt>
      <trkpt lat="22.556941778703326" lon="113.89094190151141">
        <time>2026-08-22T12:42:43Z</time>
        <extensions>
          <gpxtpx:TrackPointExtension>
            <gpxtpx:hr>142</gpxtpx:hr>
          </gpxtpx:TrackPointExtension>
        </extensions>
      </trkpt>
      <trkpt lat="22.556952772548073" lon="113.89092188113156">
        <time>2026-08-22T12:42:44Z</time>
        <extensions>
          <gpxtpx:TrackPointExtension>
            <gpxtpx:hr>142</gpxtpx:hr>
          </gpxtpx:TrackPointExtension>
        </extensions>
      </trkpt>
      <trkpt lat="22.556972763259115" lon="113.89089285129273">
        <time>2026-08-22T12:42:45Z</time>
        <extensions>
          <gpxtpx:TrackPointExtension>
            <gpxtpx:hr>142</gpxtpx:hr>
          </gpxtpx:TrackPointExtension>
        </extensions>
      </trkpt>
      <trkpt lat="22.556981757226552" lon="113.89087283099504">
        <time>2026-08-22T12:42:46Z</time>
        <extensions>
          <gpxtpx:TrackPointExtension>
            <gpxtpx:hr>142</gpxtpx:hr>
          </gpxtpx:TrackPointExtension>
        </extensions>
      </trkpt>
      <trkpt lat="22.557005751535787" lon="113.89085881565725">
        <time>2026-08-22T12:42:47Z</time>
        <extensions>
          <gpxtpx:TrackPointExtension>
            <gpxtpx:hr>142</gpxtpx:hr>
          </gpxtpx:TrackPointExtension>
        </extensions>
      </trkpt>
      <trkpt lat="22.5570157475218" lon="113.89084680317166">
        <time>2026-08-22T12:42:48Z</time>
        <extensions>
          <gpxtpx:TrackPointExtension>
            <gpxtpx:hr>142</gpxtpx:hr>
          </gpxtpx:TrackPointExtension>
        </extensions>
      </trkpt>
      <trkpt lat="22.5570357421442" lon="113.89083278807023">
        <time>2026-08-22T12:42:49Z</time>
        <extensions>
          <gpxtpx:TrackPointExtension>
            <gpxtpx:hr>142</gpxtpx:hr>
          </gpxtpx:TrackPointExtension>
        </extensions>
      </trkpt>
      <trkpt lat="22.557048739738708" lon="113.89082778230454">
        <time>2026-08-22T12:42:50Z</time>
        <extensions>
          <gpxtpx:TrackPointExtension>
            <gpxtpx:hr>142</gpxtpx:hr>
          </gpxtpx:TrackPointExtension>
        </extensions>
      </trkpt>
      <trkpt lat="22.557041736842304" lon="113.89081476988709">
        <time>2026-08-22T12:42:51Z</time>
        <extensions>
          <gpxtpx:TrackPointExtension>
            <gpxtpx:hr>143</gpxtpx:hr>
          </gpxtpx:TrackPointExtension>
        </extensions>
      </trkpt>
      <trkpt lat="22.557058735440954" lon="113.89081476881267">
        <time>2026-08-22T12:42:52Z</time>
        <extensions>
          <gpxtpx:TrackPointExtension>
            <gpxtpx:hr>143</gpxtpx:hr>
          </gpxtpx:TrackPointExtension>
        </extensions>
      </trkpt>
      <trkpt lat="22.55707373340159" lon="113.89081176489591">
        <time>2026-08-22T12:42:53Z</time>
        <extensions>
          <gpxtpx:TrackPointExtension>
            <gpxtpx:hr>143</gpxtpx:hr>
          </gpxtpx:TrackPointExtension>
        </extensions>
      </trkpt>
      <trkpt lat="22.55708072746413" lon="113.8907917446515">
        <time>2026-08-22T12:42:54Z</time>
        <extensions>
          <gpxtpx:TrackPointExtension>
            <gpxtpx:hr>143</gpxtpx:hr>
          </gpxtpx:TrackPointExtension>
        </extensions>
      </trkpt>
      <trkpt lat="22.557094721739904" lon="113.89077472692077">
        <time>2026-08-22T12:42:55Z</time>
        <extensions>
          <gpxtpx:TrackPointExtension>
            <gpxtpx:hr>143</gpxtpx:hr>
          </gpxtpx:TrackPointExtension>
        </extensions>
      </trkpt>
      <trkpt lat="22.557117717148625" lon="113.89076471555168">
        <time>2026-08-22T12:42:56Z</time>
        <extensions>
          <gpxtpx:TrackPointExtension>
            <gpxtpx:hr>143</gpxtpx:hr>
          </gpxtpx:TrackPointExtension>
        </extensions>
      </trkpt>
      <trkpt lat="22.557127714165382" lon="113.89075670698408">
        <time>2026-08-22T12:42:57Z</time>
        <extensions>
          <gpxtpx:TrackPointExtension>
            <gpxtpx:hr>143</gpxtpx:hr>
          </gpxtpx:TrackPointExtension>
        </extensions>
      </trkpt>
      <trkpt lat="22.557140709850298" lon="113.89074469425364">
        <time>2026-08-22T12:42:58Z</time>
        <extensions>
          <gpxtpx:TrackPointExtension>
            <gpxtpx:hr>143</gpxtpx:hr>
          </gpxtpx:TrackPointExtension>
        </extensions>
      </trkpt>
      <trkpt lat="22.557152705882366" lon="113.8907336825731">
        <time>2026-08-22T12:42:59Z</time>
        <extensions>
          <gpxtpx:TrackPointExtension>
            <gpxtpx:hr>143</gpxtpx:hr>
          </gpxtpx:TrackPointExtension>
        </extensions>
      </trkpt>
      <trkpt lat="22.557168697503688" lon="113.89070765572426">
        <time>2026-08-22T12:43:00Z</time>
        <extensions>
          <gpxtpx:TrackPointExtension>
            <gpxtpx:hr>143</gpxtpx:hr>
          </gpxtpx:TrackPointExtension>
        </extensions>
      </trkpt>
      <trkpt lat="22.557185692832576" lon="113.89069564271449">
        <time>2026-08-22T12:43:01Z</time>
        <extensions>
          <gpxtpx:TrackPointExtension>
            <gpxtpx:hr>142</gpxtpx:hr>
          </gpxtpx:TrackPointExtension>
        </extensions>
      </trkpt>
      <trkpt lat="22.55720668645889" lon="113.89067862446775">
        <time>2026-08-22T12:43:02Z</time>
        <extensions>
          <gpxtpx:TrackPointExtension>
            <gpxtpx:hr>142</gpxtpx:hr>
          </gpxtpx:TrackPointExtension>
        </extensions>
      </trkpt>
      <trkpt lat="22.55723568187477" lon="113.89067061466825">
        <time>2026-08-22T12:43:03Z</time>
        <extensions>
          <gpxtpx:TrackPointExtension>
            <gpxtpx:hr>142</gpxtpx:hr>
          </gpxtpx:TrackPointExtension>
        </extensions>
      </trkpt>
      <trkpt lat="22.557244673179678" lon="113.89064158519624">
        <time>2026-08-22T12:43:04Z</time>
        <extensions>
          <gpxtpx:TrackPointExtension>
            <gpxtpx:hr>142</gpxtpx:hr>
          </gpxtpx:TrackPointExtension>
        </extensions>
      </trkpt>
      <trkpt lat="22.557274664918683" lon="113.8906205623466">
        <time>2026-08-22T12:43:05Z</time>
        <extensions>
          <gpxtpx:TrackPointExtension>
            <gpxtpx:hr>142</gpxtpx:hr>
          </gpxtpx:TrackPointExtension>
        </extensions>
      </trkpt>
      <trkpt lat="22.55729066221601" lon="113.89061555634346">
        <time>2026-08-22T12:43:06Z</time>
        <extensions>
          <gpxtpx:TrackPointExtension>
            <gpxtpx:hr>141</gpxtpx:hr>
          </gpxtpx:TrackPointExtension>
        </extensions>
      </trkpt>
      <trkpt lat="22.557293655057403" lon="113.8905905311776">
        <time>2026-08-22T12:43:07Z</time>
        <extensions>
          <gpxtpx:TrackPointExtension>
            <gpxtpx:hr>141</gpxtpx:hr>
          </gpxtpx:TrackPointExtension>
        </extensions>
      </trkpt>
      <trkpt lat="22.557297651122553" lon="113.890577517926">
        <time>2026-08-22T12:43:08Z</time>
        <extensions>
          <gpxtpx:TrackPointExtension>
            <gpxtpx:hr>141</gpxtpx:hr>
          </gpxtpx:TrackPointExtension>
        </extensions>
      </trkpt>
      <trkpt lat="22.557315649632745" lon="113.89057751678834">
        <time>2026-08-22T12:43:09Z</time>
        <extensions>
          <gpxtpx:TrackPointExtension>
            <gpxtpx:hr>141</gpxtpx:hr>
          </gpxtpx:TrackPointExtension>
        </extensions>
      </trkpt>
      <trkpt lat="22.557349643762517" lon="113.8905665036345">
        <time>2026-08-22T12:43:10Z</time>
        <extensions>
          <gpxtpx:TrackPointExtension>
            <gpxtpx:hr>141</gpxtpx:hr>
          </gpxtpx:TrackPointExtension>
        </extensions>
      </trkpt>
      <trkpt lat="22.55735963959567" lon="113.8905544909909">
        <time>2026-08-22T12:43:11Z</time>
        <extensions>
          <gpxtpx:TrackPointExtension>
            <gpxtpx:hr>142</gpxtpx:hr>
          </gpxtpx:TrackPointExtension>
        </extensions>
      </trkpt>
      <trkpt lat="22.557369634864568" lon="113.89054047633715">
        <time>2026-08-22T12:43:12Z</time>
        <extensions>
          <gpxtpx:TrackPointExtension>
            <gpxtpx:hr>142</gpxtpx:hr>
          </gpxtpx:TrackPointExtension>
        </extensions>
      </trkpt>
      <trkpt lat="22.557385634375795" lon="113.89054347833128">
        <time>2026-08-22T12:43:13Z</time>
        <extensions>
          <gpxtpx:TrackPointExtension>
            <gpxtpx:hr>142</gpxtpx:hr>
          </gpxtpx:TrackPointExtension>
        </extensions>
      </trkpt>
      <trkpt lat="22.557391632204197" lon="113.89053747194087">
        <time>2026-08-22T12:43:14Z</time>
        <extensions>
          <gpxtpx:TrackPointExtension>
            <gpxtpx:hr>142</gpxtpx:hr>
          </gpxtpx:TrackPointExtension>
        </extensions>
      </trkpt>
      <trkpt lat="22.557400629782368" lon="113.89053146535922">
        <time>2026-08-22T12:43:15Z</time>
        <extensions>
          <gpxtpx:TrackPointExtension>
            <gpxtpx:hr>142</gpxtpx:hr>
          </gpxtpx:TrackPointExtension>
        </extensions>
      </trkpt>
      <trkpt lat="22.557400625866077" lon="113.890517451323">
        <time>2026-08-22T12:43:16Z</time>
        <extensions>
          <gpxtpx:TrackPointExtension>
            <gpxtpx:hr>144</gpxtpx:hr>
          </gpxtpx:TrackPointExtension>
        </extensions>
      </trkpt>
      <trkpt lat="22.55740462357325" lon="113.89051044404877">
        <time>2026-08-22T12:43:17Z</time>
        <extensions>
          <gpxtpx:TrackPointExtension>
            <gpxtpx:hr>144</gpxtpx:hr>
          </gpxtpx:TrackPointExtension>
        </extensions>
      </trkpt>
      <trkpt lat="22.557423614132276" lon="113.89048241474018">
        <time>2026-08-22T12:43:18Z</time>
        <extensions>
          <gpxtpx:TrackPointExtension>
            <gpxtpx:hr>144</gpxtpx:hr>
          </gpxtpx:TrackPointExtension>
        </extensions>
      </trkpt>
      <trkpt lat="22.55744960972247" lon="113.89047440505962">
        <time>2026-08-22T12:43:19Z</time>
        <extensions>
          <gpxtpx:TrackPointExtension>
            <gpxtpx:hr>144</gpxtpx:hr>
          </gpxtpx:TrackPointExtension>
        </extensions>
      </trkpt>
      <trkpt lat="22.55746660549146" lon="113.89046439393451">
        <time>2026-08-22T12:43:20Z</time>
        <extensions>
          <gpxtpx:TrackPointExtension>
            <gpxtpx:hr>144</gpxtpx:hr>
          </gpxtpx:TrackPointExtension>
        </extensions>
      </trkpt>
      <trkpt lat="22.557486600158573" lon="113.89045137959788">
        <time>2026-08-22T12:43:21Z</time>
        <extensions>
          <gpxtpx:TrackPointExtension>
            <gpxtpx:hr>144</gpxtpx:hr>
          </gpxtpx:TrackPointExtension>
        </extensions>
      </trkpt>
      <trkpt lat="22.55749559232775" lon="113.89042635386815">
        <time>2026-08-22T12:43:22Z</time>
        <extensions>
          <gpxtpx:TrackPointExtension>
            <gpxtpx:hr>144</gpxtpx:hr>
          </gpxtpx:TrackPointExtension>
        </extensions>
      </trkpt>
      <trkpt lat="22.557495589486855" lon="113.89041634379592">
        <time>2026-08-22T12:43:23Z</time>
        <extensions>
          <gpxtpx:TrackPointExtension>
            <gpxtpx:hr>144</gpxtpx:hr>
          </gpxtpx:TrackPointExtension>
        </extensions>
      </trkpt>
      <trkpt lat="22.55750558381743" lon="113.89039932603076">
        <time>2026-08-22T12:43:24Z</time>
        <extensions>
          <gpxtpx:TrackPointExtension>
            <gpxtpx:hr>144</gpxtpx:hr>
          </gpxtpx:TrackPointExtension>
        </extensions>
      </trkpt>
      <trkpt lat="22.55750857642966" lon="113.89037430062177">
        <time>2026-08-22T12:43:25Z</time>
        <extensions>
          <gpxtpx:TrackPointExtension>
            <gpxtpx:hr>144</gpxtpx:hr>
          </gpxtpx:TrackPointExtension>
        </extensions>
      </trkpt>
      <trkpt lat="22.55752756826093" lon="113.89035127619422">
        <time>2026-08-22T12:43:26Z</time>
        <extensions>
          <gpxtpx:TrackPointExtension>
            <gpxtpx:hr>143</gpxtpx:hr>
          </gpxtpx:TrackPointExtension>
        </extensions>
      </trkpt>
      <trkpt lat="22.55753355942045" lon="113.89032224649532">
        <time>2026-08-22T12:43:27Z</time>
        <extensions>
          <gpxtpx:TrackPointExtension>
            <gpxtpx:hr>143</gpxtpx:hr>
          </gpxtpx:TrackPointExtension>
        </extensions>
      </trkpt>
      <trkpt lat="22.557565551855024" lon="113.89030522726775">
        <time>2026-08-22T12:43:28Z</time>
        <extensions>
          <gpxtpx:TrackPointExtension>
            <gpxtpx:hr>143</gpxtpx:hr>
          </gpxtpx:TrackPointExtension>
        </extensions>
      </trkpt>
      <trkpt lat="22.557606542078616" lon="113.89028320239173">
        <time>2026-08-22T12:43:29Z</time>
        <extensions>
          <gpxtpx:TrackPointExtension>
            <gpxtpx:hr>143</gpxtpx:hr>
          </gpxtpx:TrackPointExtension>
        </extensions>
      </trkpt>
      <trkpt lat="22.557610536520595" lon="113.89026518388991">
        <time>2026-08-22T12:43:30Z</time>
        <extensions>
          <gpxtpx:TrackPointExtension>
            <gpxtpx:hr>143</gpxtpx:hr>
          </gpxtpx:TrackPointExtension>
        </extensions>
      </trkpt>
      <trkpt lat="22.55762853182341" lon="113.89025417159284">
        <time>2026-08-22T12:43:31Z</time>
        <extensions>
          <gpxtpx:TrackPointExtension>
            <gpxtpx:hr>145</gpxtpx:hr>
          </gpxtpx:TrackPointExtension>
        </extensions>
      </trkpt>
      <trkpt lat="22.557643526495315" lon="113.89024015643409">
        <time>2026-08-22T12:43:32Z</time>
        <extensions>
          <gpxtpx:TrackPointExtension>
            <gpxtpx:hr>145</gpxtpx:hr>
          </gpxtpx:TrackPointExtension>
        </extensions>
      </trkpt>
      <trkpt lat="22.557661520324235" lon="113.89022413904482">
        <time>2026-08-22T12:43:33Z</time>
        <extensions>
          <gpxtpx:TrackPointExtension>
            <gpxtpx:hr>145</gpxtpx:hr>
          </gpxtpx:TrackPointExtension>
        </extensions>
      </trkpt>
      <trkpt lat="22.557675517403663" lon="113.89021813206263">
        <time>2026-08-22T12:43:34Z</time>
        <extensions>
          <gpxtpx:TrackPointExtension>
            <gpxtpx:hr>145</gpxtpx:hr>
          </gpxtpx:TrackPointExtension>
        </extensions>
      </trkpt>
      <trkpt lat="22.55769451172029" lon="113.8902041166284">
        <time>2026-08-22T12:43:35Z</time>
        <extensions>
          <gpxtpx:TrackPointExtension>
            <gpxtpx:hr>145</gpxtpx:hr>
          </gpxtpx:TrackPointExtension>
        </extensions>
      </trkpt>
      <trkpt lat="22.557704506190035" lon="113.8901880997189">
        <time>2026-08-22T12:43:36Z</time>
        <extensions>
          <gpxtpx:TrackPointExtension>
            <gpxtpx:hr>146</gpxtpx:hr>
          </gpxtpx:TrackPointExtension>
        </extensions>
      </trkpt>
      <trkpt lat="22.55771650313197" lon="113.89018109183543">
        <time>2026-08-22T12:43:37Z</time>
        <extensions>
          <gpxtpx:TrackPointExtension>
            <gpxtpx:hr>146</gpxtpx:hr>
          </gpxtpx:TrackPointExtension>
        </extensions>
      </trkpt>
      <trkpt lat="22.557735496541095" lon="113.89016407332178">
        <time>2026-08-22T12:43:38Z</time>
        <extensions>
          <gpxtpx:TrackPointExtension>
            <gpxtpx:hr>146</gpxtpx:hr>
          </gpxtpx:TrackPointExtension>
        </extensions>
      </trkpt>
      <trkpt lat="22.55774949124108" lon="113.89015005816961">
        <time>2026-08-22T12:43:39Z</time>
        <extensions>
          <gpxtpx:TrackPointExtension>
            <gpxtpx:hr>146</gpxtpx:hr>
          </gpxtpx:TrackPointExtension>
        </extensions>
      </trkpt>
      <trkpt lat="22.557749489467135" lon="113.89014405205236">
        <time>2026-08-22T12:43:40Z</time>
        <extensions>
          <gpxtpx:TrackPointExtension>
            <gpxtpx:hr>146</gpxtpx:hr>
          </gpxtpx:TrackPointExtension>
        </extensions>
      </trkpt>
      <trkpt lat="22.55775548571086" lon="113.89013304045397">
        <time>2026-08-22T12:43:41Z</time>
        <extensions>
          <gpxtpx:TrackPointExtension>
            <gpxtpx:hr>150</gpxtpx:hr>
          </gpxtpx:TrackPointExtension>
        </extensions>
      </trkpt>
      <trkpt lat="22.55776248305258" lon="113.89012603286925">
        <time>2026-08-22T12:43:42Z</time>
        <extensions>
          <gpxtpx:TrackPointExtension>
            <gpxtpx:hr>150</gpxtpx:hr>
          </gpxtpx:TrackPointExtension>
        </extensions>
      </trkpt>
      <trkpt lat="22.557787473541346" lon="113.89010100576294">
        <time>2026-08-22T12:43:43Z</time>
        <extensions>
          <gpxtpx:TrackPointExtension>
            <gpxtpx:hr>150</gpxtpx:hr>
          </gpxtpx:TrackPointExtension>
        </extensions>
      </trkpt>
      <trkpt lat="22.557802469610184" lon="113.89009199561856">
        <time>2026-08-22T12:43:44Z</time>
        <extensions>
          <gpxtpx:TrackPointExtension>
            <gpxtpx:hr>150</gpxtpx:hr>
          </gpxtpx:TrackPointExtension>
        </extensions>
      </trkpt>
      <trkpt lat="22.557810465364064" lon="113.89007998284556">
        <time>2026-08-22T12:43:45Z</time>
        <extensions>
          <gpxtpx:TrackPointExtension>
            <gpxtpx:hr>150</gpxtpx:hr>
          </gpxtpx:TrackPointExtension>
        </extensions>
      </trkpt>
      <trkpt lat="22.557830459512406" lon="113.89006596726132">
        <time>2026-08-22T12:43:46Z</time>
        <extensions>
          <gpxtpx:TrackPointExtension>
            <gpxtpx:hr>151</gpxtpx:hr>
          </gpxtpx:TrackPointExtension>
        </extensions>
      </trkpt>
      <trkpt lat="22.55784045448667" lon="113.89005195230037">
        <time>2026-08-22T12:43:47Z</time>
        <extensions>
          <gpxtpx:TrackPointExtension>
            <gpxtpx:hr>151</gpxtpx:hr>
          </gpxtpx:TrackPointExtension>
        </extensions>
      </trkpt>
      <trkpt lat="22.557851449969487" lon="113.89003993931618">
        <time>2026-08-22T12:43:48Z</time>
        <extensions>
          <gpxtpx:TrackPointExtension>
            <gpxtpx:hr>151</gpxtpx:hr>
          </gpxtpx:TrackPointExtension>
        </extensions>
      </trkpt>
      <trkpt lat="22.55785844608069" lon="113.89002892760324">
        <time>2026-08-22T12:43:49Z</time>
        <extensions>
          <gpxtpx:TrackPointExtension>
            <gpxtpx:hr>151</gpxtpx:hr>
          </gpxtpx:TrackPointExtension>
        </extensions>
      </trkpt>
      <trkpt lat="22.557859442386572" lon="113.89001691523875">
        <time>2026-08-22T12:43:50Z</time>
        <extensions>
          <gpxtpx:TrackPointExtension>
            <gpxtpx:hr>151</gpxtpx:hr>
          </gpxtpx:TrackPointExtension>
        </extensions>
      </trkpt>
      <trkpt lat="22.557865436156373" lon="113.88999789536925">
        <time>2026-08-22T12:43:51Z</time>
        <extensions>
          <gpxtpx:TrackPointExtension>
            <gpxtpx:hr>150</gpxtpx:hr>
          </gpxtpx:TrackPointExtension>
        </extensions>
      </trkpt>
      <trkpt lat="22.557878429629067" lon="113.88997987606818">
        <time>2026-08-22T12:43:52Z</time>
        <extensions>
          <gpxtpx:TrackPointExtension>
            <gpxtpx:hr>150</gpxtpx:hr>
          </gpxtpx:TrackPointExtension>
        </extensions>
      </trkpt>
      <trkpt lat="22.5578864286582" lon="113.88997887453544">
        <time>2026-08-22T12:43:53Z</time>
        <extensions>
          <gpxtpx:TrackPointExtension>
            <gpxtpx:hr>150</gpxtpx:hr>
          </gpxtpx:TrackPointExtension>
        </extensions>
      </trkpt>
      <trkpt lat="22.55789942181261" lon="113.8899598541911">
        <time>2026-08-22T12:43:54Z</time>
        <extensions>
          <gpxtpx:TrackPointExtension>
            <gpxtpx:hr>150</gpxtpx:hr>
          </gpxtpx:TrackPointExtension>
        </extensions>
      </trkpt>
      <trkpt lat="22.55790941702755" lon="113.88994684019211">
        <time>2026-08-22T12:43:55Z</time>
        <extensions>
          <gpxtpx:TrackPointExtension>
            <gpxtpx:hr>150</gpxtpx:hr>
          </gpxtpx:TrackPointExtension>
        </extensions>
      </trkpt>
      <trkpt lat="22.557927413698078" lon="113.88994083288244">
        <time>2026-08-22T12:43:56Z</time>
        <extensions>
          <gpxtpx:TrackPointExtension>
            <gpxtpx:hr>149</gpxtpx:hr>
          </gpxtpx:TrackPointExtension>
        </extensions>
      </trkpt>
      <trkpt lat="22.557943405349693" lon="113.8899178081972">
        <time>2026-08-22T12:43:57Z</time>
        <extensions>
          <gpxtpx:TrackPointExtension>
            <gpxtpx:hr>149</gpxtpx:hr>
          </gpxtpx:TrackPointExtension>
        </extensions>
      </trkpt>
      <trkpt lat="22.557971397506034" lon="113.88989978788338">
        <time>2026-08-22T12:43:58Z</time>
        <extensions>
          <gpxtpx:TrackPointExtension>
            <gpxtpx:hr>149</gpxtpx:hr>
          </gpxtpx:TrackPointExtension>
        </extensions>
      </trkpt>
      <trkpt lat="22.557989391711324" lon="113.8898857723125">
        <time>2026-08-22T12:43:59Z</time>
        <extensions>
          <gpxtpx:TrackPointExtension>
            <gpxtpx:hr>149</gpxtpx:hr>
          </gpxtpx:TrackPointExtension>
        </extensions>
      </trkpt>
      <trkpt lat="22.558006386913167" lon="113.88987475989146">
        <time>2026-08-22T12:44:00Z</time>
        <extensions>
          <gpxtpx:TrackPointExtension>
            <gpxtpx:hr>149</gpxtpx:hr>
          </gpxtpx:TrackPointExtension>
        </extensions>
      </trkpt>
      <trkpt lat="22.558023378723583" lon="113.88985273610768">
        <time>2026-08-22T12:44:01Z</time>
        <extensions>
          <gpxtpx:TrackPointExtension>
            <gpxtpx:hr>147</gpxtpx:hr>
          </gpxtpx:TrackPointExtension>
        </extensions>
      </trkpt>
      <trkpt lat="22.558042371581347" lon="113.8898347163103">
        <time>2026-08-22T12:44:02Z</time>
        <extensions>
          <gpxtpx:TrackPointExtension>
            <gpxtpx:hr>147</gpxtpx:hr>
          </gpxtpx:TrackPointExtension>
        </extensions>
      </trkpt>
      <trkpt lat="22.558059364592506" lon="113.88981669662482">
        <time>2026-08-22T12:44:03Z</time>
        <extensions>
          <gpxtpx:TrackPointExtension>
            <gpxtpx:hr>147</gpxtpx:hr>
          </gpxtpx:TrackPointExtension>
        </extensions>
      </trkpt>
      <trkpt lat="22.558075354568135" lon="113.8897886666343">
        <time>2026-08-22T12:44:04Z</time>
        <extensions>
          <gpxtpx:TrackPointExtension>
            <gpxtpx:hr>147</gpxtpx:hr>
          </gpxtpx:TrackPointExtension>
        </extensions>
      </trkpt>
      <trkpt lat="22.558088346320876" lon="113.88976564198198">
        <time>2026-08-22T12:44:05Z</time>
        <extensions>
          <gpxtpx:TrackPointExtension>
            <gpxtpx:hr>147</gpxtpx:hr>
          </gpxtpx:TrackPointExtension>
        </extensions>
      </trkpt>
      <trkpt lat="22.558098337989854" lon="113.88974161645793">
        <time>2026-08-22T12:44:06Z</time>
        <extensions>
          <gpxtpx:TrackPointExtension>
            <gpxtpx:hr>144</gpxtpx:hr>
          </gpxtpx:TrackPointExtension>
        </extensions>
      </trkpt>
      <trkpt lat="22.55810433310488" lon="113.88972760154644">
        <time>2026-08-22T12:44:07Z</time>
        <extensions>
          <gpxtpx:TrackPointExtension>
            <gpxtpx:hr>144</gpxtpx:hr>
          </gpxtpx:TrackPointExtension>
        </extensions>
      </trkpt>
      <trkpt lat="22.558112328671676" lon="113.88971558857759">
        <time>2026-08-22T12:44:08Z</time>
        <extensions>
          <gpxtpx:TrackPointExtension>
            <gpxtpx:hr>144</gpxtpx:hr>
          </gpxtpx:TrackPointExtension>
        </extensions>
      </trkpt>
      <trkpt lat="22.55812832293295" lon="113.8897015730177">
        <time>2026-08-22T12:44:09Z</time>
        <extensions>
          <gpxtpx:TrackPointExtension>
            <gpxtpx:hr>144</gpxtpx:hr>
          </gpxtpx:TrackPointExtension>
        </extensions>
      </trkpt>
      <trkpt lat="22.55814931456039" lon="113.88968054985105">
        <time>2026-08-22T12:44:10Z</time>
        <extensions>
          <gpxtpx:TrackPointExtension>
            <gpxtpx:hr>144</gpxtpx:hr>
          </gpxtpx:TrackPointExtension>
        </extensions>
      </trkpt>
      <trkpt lat="22.558173311285735" lon="113.88967654417189">
        <time>2026-08-22T12:44:11Z</time>
        <extensions>
          <gpxtpx:TrackPointExtension>
            <gpxtpx:hr>143</gpxtpx:hr>
          </gpxtpx:TrackPointExtension>
        </extensions>
      </trkpt>
      <trkpt lat="22.558194304471005" lon="113.88966052618892">
        <time>2026-08-22T12:44:12Z</time>
        <extensions>
          <gpxtpx:TrackPointExtension>
            <gpxtpx:hr>143</gpxtpx:hr>
          </gpxtpx:TrackPointExtension>
        </extensions>
      </trkpt>
      <trkpt lat="22.558218292636425" lon="113.88962949236918">
        <time>2026-08-22T12:44:13Z</time>
        <extensions>
          <gpxtpx:TrackPointExtension>
            <gpxtpx:hr>143</gpxtpx:hr>
          </gpxtpx:TrackPointExtension>
        </extensions>
      </trkpt>
      <trkpt lat="22.55823828873401" lon="113.88962248380484">
        <time>2026-08-22T12:44:14Z</time>
        <extensions>
          <gpxtpx:TrackPointExtension>
            <gpxtpx:hr>143</gpxtpx:hr>
          </gpxtpx:TrackPointExtension>
        </extensions>
      </trkpt>
      <trkpt lat="22.55824628360992" lon="113.88960846869236">
        <time>2026-08-22T12:44:15Z</time>
        <extensions>
          <gpxtpx:TrackPointExtension>
            <gpxtpx:hr>143</gpxtpx:hr>
          </gpxtpx:TrackPointExtension>
        </extensions>
      </trkpt>
      <trkpt lat="22.558259279651416" lon="113.8895994584759">
        <time>2026-08-22T12:44:16Z</time>
        <extensions>
          <gpxtpx:TrackPointExtension>
            <gpxtpx:hr>143</gpxtpx:hr>
          </gpxtpx:TrackPointExtension>
        </extensions>
      </trkpt>
      <trkpt lat="22.55827227600834" lon="113.88959144930026">
        <time>2026-08-22T12:44:17Z</time>
        <extensions>
          <gpxtpx:TrackPointExtension>
            <gpxtpx:hr>143</gpxtpx:hr>
          </gpxtpx:TrackPointExtension>
        </extensions>
      </trkpt>
      <trkpt lat="22.55828726963805" lon="113.8895754316357">
        <time>2026-08-22T12:44:18Z</time>
        <extensions>
          <gpxtpx:TrackPointExtension>
            <gpxtpx:hr>143</gpxtpx:hr>
          </gpxtpx:TrackPointExtension>
        </extensions>
      </trkpt>
      <trkpt lat="22.5582922676188" lon="113.88957042609343">
        <time>2026-08-22T12:44:19Z</time>
        <extensions>
          <gpxtpx:TrackPointExtension>
            <gpxtpx:hr>143</gpxtpx:hr>
          </gpxtpx:TrackPointExtension>
        </extensions>
      </trkpt>
      <trkpt lat="22.55830126334078" lon="113.88955941402291">
        <time>2026-08-22T12:44:20Z</time>
        <extensions>
          <gpxtpx:TrackPointExtension>
            <gpxtpx:hr>143</gpxtpx:hr>
          </gpxtpx:TrackPointExtension>
        </extensions>
      </trkpt>
      <trkpt lat="22.558310257131847" lon="113.88954239566814">
        <time>2026-08-22T12:44:21Z</time>
        <extensions>
          <gpxtpx:TrackPointExtension>
            <gpxtpx:hr>143</gpxtpx:hr>
          </gpxtpx:TrackPointExtension>
        </extensions>
      </trkpt>
      <trkpt lat="22.558323250896073" lon="113.88952637809497">
        <time>2026-08-22T12:44:22Z</time>
        <extensions>
          <gpxtpx:TrackPointExtension>
            <gpxtpx:hr>143</gpxtpx:hr>
          </gpxtpx:TrackPointExtension>
        </extensions>
      </trkpt>
      <trkpt lat="22.558329243625437" lon="113.88950535571207">
        <time>2026-08-22T12:44:23Z</time>
        <extensions>
          <gpxtpx:TrackPointExtension>
            <gpxtpx:hr>143</gpxtpx:hr>
          </gpxtpx:TrackPointExtension>
        </extensions>
      </trkpt>
      <trkpt lat="22.55833923794012" lon="113.889490339351">
        <time>2026-08-22T12:44:24Z</time>
        <extensions>
          <gpxtpx:TrackPointExtension>
            <gpxtpx:hr>143</gpxtpx:hr>
          </gpxtpx:TrackPointExtension>
        </extensions>
      </trkpt>
      <trkpt lat="22.558349230949318" lon="113.88947131878112">
        <time>2026-08-22T12:44:25Z</time>
        <extensions>
          <gpxtpx:TrackPointExtension>
            <gpxtpx:hr>143</gpxtpx:hr>
          </gpxtpx:TrackPointExtension>
        </extensions>
      </trkpt>
      <trkpt lat="22.558361227021436" lon="113.88946230857273">
        <time>2026-08-22T12:44:26Z</time>
        <extensions>
          <gpxtpx:TrackPointExtension>
            <gpxtpx:hr>144</gpxtpx:hr>
          </gpxtpx:TrackPointExtension>
        </extensions>
      </trkpt>
      <trkpt lat="22.558381221766933" lon="113.88945129575376">
        <time>2026-08-22T12:44:27Z</time>
        <extensions>
          <gpxtpx:TrackPointExtension>
            <gpxtpx:hr>144</gpxtpx:hr>
          </gpxtpx:TrackPointExtension>
        </extensions>
      </trkpt>
      <trkpt lat="22.55839721846989" lon="113.8894452884375">
        <time>2026-08-22T12:44:28Z</time>
        <extensions>
          <gpxtpx:TrackPointExtension>
            <gpxtpx:hr>144</gpxtpx:hr>
          </gpxtpx:TrackPointExtension>
        </extensions>
      </trkpt>
      <trkpt lat="22.55841021639965" lon="113.8894422844627">
        <time>2026-08-22T12:44:29Z</time>
        <extensions>
          <gpxtpx:TrackPointExtension>
            <gpxtpx:hr>144</gpxtpx:hr>
          </gpxtpx:TrackPointExtension>
        </extensions>
      </trkpt>
      <trkpt lat="22.558422214413042" lon="113.8894392805507">
        <time>2026-08-22T12:44:30Z</time>
        <extensions>
          <gpxtpx:TrackPointExtension>
            <gpxtpx:hr>144</gpxtpx:hr>
          </gpxtpx:TrackPointExtension>
        </extensions>
      </trkpt>
      <trkpt lat="22.558436211280604" lon="113.88943327335765">
        <time>2026-08-22T12:44:31Z</time>
        <extensions>
          <gpxtpx:TrackPointExtension>
            <gpxtpx:hr>142</gpxtpx:hr>
          </gpxtpx:TrackPointExtension>
        </extensions>
      </trkpt>
      <trkpt lat="22.558445208567683" lon="113.88942726647906">
        <time>2026-08-22T12:44:32Z</time>
        <extensions>
          <gpxtpx:TrackPointExtension>
            <gpxtpx:hr>142</gpxtpx:hr>
          </gpxtpx:TrackPointExtension>
        </extensions>
      </trkpt>
      <trkpt lat="22.558453206263554" lon="113.88942226071406">
        <time>2026-08-22T12:44:33Z</time>
        <extensions>
          <gpxtpx:TrackPointExtension>
            <gpxtpx:hr>142</gpxtpx:hr>
          </gpxtpx:TrackPointExtension>
        </extensions>
      </trkpt>
      <trkpt lat="22.558461203305548" lon="113.88941525284346">
        <time>2026-08-22T12:44:34Z</time>
        <extensions>
          <gpxtpx:TrackPointExtension>
            <gpxtpx:hr>142</gpxtpx:hr>
          </gpxtpx:TrackPointExtension>
        </extensions>
      </trkpt>
      <trkpt lat="22.558476200082062" lon="113.88940924558077">
        <time>2026-08-22T12:44:35Z</time>
        <extensions>
          <gpxtpx:TrackPointExtension>
            <gpxtpx:hr>142</gpxtpx:hr>
          </gpxtpx:TrackPointExtension>
        </extensions>
      </trkpt>
      <trkpt lat="22.55849219317386" lon="113.88939222666953">
        <time>2026-08-22T12:44:36Z</time>
        <extensions>
          <gpxtpx:TrackPointExtension>
            <gpxtpx:hr>145</gpxtpx:hr>
          </gpxtpx:TrackPointExtension>
        </extensions>
      </trkpt>
      <trkpt lat="22.55851019034614" lon="113.88938822131807">
        <time>2026-08-22T12:44:37Z</time>
        <extensions>
          <gpxtpx:TrackPointExtension>
            <gpxtpx:hr>145</gpxtpx:hr>
          </gpxtpx:TrackPointExtension>
        </extensions>
      </trkpt>
      <trkpt lat="22.55853418406003" lon="113.88937520610182">
        <time>2026-08-22T12:44:38Z</time>
        <extensions>
          <gpxtpx:TrackPointExtension>
            <gpxtpx:hr>145</gpxtpx:hr>
          </gpxtpx:TrackPointExtension>
        </extensions>
      </trkpt>
      <trkpt lat="22.558553176873193" lon="113.88935818697512">
        <time>2026-08-22T12:44:39Z</time>
        <extensions>
          <gpxtpx:TrackPointExtension>
            <gpxtpx:hr>145</gpxtpx:hr>
          </gpxtpx:TrackPointExtension>
        </extensions>
      </trkpt>
      <trkpt lat="22.55856917058596" lon="113.88934317013623">
        <time>2026-08-22T12:44:40Z</time>
        <extensions>
          <gpxtpx:TrackPointExtension>
            <gpxtpx:hr>145</gpxtpx:hr>
          </gpxtpx:TrackPointExtension>
        </extensions>
      </trkpt>
      <trkpt lat="22.558569168608617" lon="113.88933716380244">
        <time>2026-08-22T12:44:41Z</time>
        <extensions>
          <gpxtpx:TrackPointExtension>
            <gpxtpx:hr>147</gpxtpx:hr>
          </gpxtpx:TrackPointExtension>
        </extensions>
      </trkpt>
      <trkpt lat="22.558566168202407" lon="113.88933516188047">
        <time>2026-08-22T12:44:42Z</time>
        <extensions>
          <gpxtpx:TrackPointExtension>
            <gpxtpx:hr>147</gpxtpx:hr>
          </gpxtpx:TrackPointExtension>
        </extensions>
      </trkpt>
      <trkpt lat="22.558585165278956" lon="113.8893311564556">
        <time>2026-08-22T12:44:43Z</time>
        <extensions>
          <gpxtpx:TrackPointExtension>
            <gpxtpx:hr>147</gpxtpx:hr>
          </gpxtpx:TrackPointExtension>
        </extensions>
      </trkpt>
      <trkpt lat="22.558603158805152" lon="113.8893161394722">
        <time>2026-08-22T12:44:44Z</time>
        <extensions>
          <gpxtpx:TrackPointExtension>
            <gpxtpx:hr>147</gpxtpx:hr>
          </gpxtpx:TrackPointExtension>
        </extensions>
      </trkpt>
      <trkpt lat="22.5586111544907" lon="113.88930512734004">
        <time>2026-08-22T12:44:45Z</time>
        <extensions>
          <gpxtpx:TrackPointExtension>
            <gpxtpx:hr>147</gpxtpx:hr>
          </gpxtpx:TrackPointExtension>
        </extensions>
      </trkpt>
      <trkpt lat="22.558629147999937" lon="113.88929011033925">
        <time>2026-08-22T12:44:46Z</time>
        <extensions>
          <gpxtpx:TrackPointExtension>
            <gpxtpx:hr>147</gpxtpx:hr>
          </gpxtpx:TrackPointExtension>
        </extensions>
      </trkpt>
      <trkpt lat="22.558643146485228" lon="113.88928910839634">
        <time>2026-08-22T12:44:47Z</time>
        <extensions>
          <gpxtpx:TrackPointExtension>
            <gpxtpx:hr>147</gpxtpx:hr>
          </gpxtpx:TrackPointExtension>
        </extensions>
      </trkpt>
      <trkpt lat="22.55864714482005" lon="113.88928510391149">
        <time>2026-08-22T12:44:48Z</time>
        <extensions>
          <gpxtpx:TrackPointExtension>
            <gpxtpx:hr>147</gpxtpx:hr>
          </gpxtpx:TrackPointExtension>
        </extensions>
      </trkpt>
      <trkpt lat="22.558655139161203" lon="113.88927008752944">
        <time>2026-08-22T12:44:49Z</time>
        <extensions>
          <gpxtpx:TrackPointExtension>
            <gpxtpx:hr>147</gpxtpx:hr>
          </gpxtpx:TrackPointExtension>
        </extensions>
      </trkpt>
      <trkpt lat="22.55867313231426" lon="113.88925406944574">
        <time>2026-08-22T12:44:50Z</time>
        <extensions>
          <gpxtpx:TrackPointExtension>
            <gpxtpx:hr>147</gpxtpx:hr>
          </gpxtpx:TrackPointExtension>
        </extensions>
      </trkpt>
      <trkpt lat="22.558685125629736" lon="113.88923705066972">
        <time>2026-08-22T12:44:51Z</time>
        <extensions>
          <gpxtpx:TrackPointExtension>
            <gpxtpx:hr>145</gpxtpx:hr>
          </gpxtpx:TrackPointExtension>
        </extensions>
      </trkpt>
      <trkpt lat="22.558719108694007" lon="113.88919500395144">
        <time>2026-08-22T12:44:52Z</time>
        <extensions>
          <gpxtpx:TrackPointExtension>
            <gpxtpx:hr>145</gpxtpx:hr>
          </gpxtpx:TrackPointExtension>
        </extensions>
      </trkpt>
      <trkpt lat="22.558742100362988" lon="113.88917598230947">
        <time>2026-08-22T12:44:53Z</time>
        <extensions>
          <gpxtpx:TrackPointExtension>
            <gpxtpx:hr>145</gpxtpx:hr>
          </gpxtpx:TrackPointExtension>
        </extensions>
      </trkpt>
      <trkpt lat="22.558765095049502" lon="113.88916597022379">
        <time>2026-08-22T12:44:54Z</time>
        <extensions>
          <gpxtpx:TrackPointExtension>
            <gpxtpx:hr>145</gpxtpx:hr>
          </gpxtpx:TrackPointExtension>
        </extensions>
      </trkpt>
      <trkpt lat="22.558768090075485" lon="113.88915195514222">
        <time>2026-08-22T12:44:55Z</time>
        <extensions>
          <gpxtpx:TrackPointExtension>
            <gpxtpx:hr>145</gpxtpx:hr>
          </gpxtpx:TrackPointExtension>
        </extensions>
      </trkpt>
      <trkpt lat="22.558777080864374" lon="113.88912692795887">
        <time>2026-08-22T12:44:56Z</time>
        <extensions>
          <gpxtpx:TrackPointExtension>
            <gpxtpx:hr>141</gpxtpx:hr>
          </gpxtpx:TrackPointExtension>
        </extensions>
      </trkpt>
      <trkpt lat="22.558783083062753" lon="113.88913493609921">
        <time>2026-08-22T12:44:57Z</time>
        <extensions>
          <gpxtpx:TrackPointExtension>
            <gpxtpx:hr>141</gpxtpx:hr>
          </gpxtpx:TrackPointExtension>
        </extensions>
      </trkpt>
      <trkpt lat="22.558788080948005" lon="113.88912993045868">
        <time>2026-08-22T12:44:58Z</time>
        <extensions>
          <gpxtpx:TrackPointExtension>
            <gpxtpx:hr>141</gpxtpx:hr>
          </gpxtpx:TrackPointExtension>
        </extensions>
      </trkpt>
      <trkpt lat="22.558808082973123" lon="113.88914094090666">
        <time>2026-08-22T12:44:59Z</time>
        <extensions>
          <gpxtpx:TrackPointExtension>
            <gpxtpx:hr>141</gpxtpx:hr>
          </gpxtpx:TrackPointExtension>
        </extensions>
      </trkpt>
      <trkpt lat="22.558807078661655" lon="113.88912792712748">
        <time>2026-08-22T12:45:00Z</time>
        <extensions>
          <gpxtpx:TrackPointExtension>
            <gpxtpx:hr>141</gpxtpx:hr>
          </gpxtpx:TrackPointExtension>
        </extensions>
      </trkpt>
      <trkpt lat="22.558822072648347" lon="113.8891139112636">
        <time>2026-08-22T12:45:01Z</time>
        <extensions>
          <gpxtpx:TrackPointExtension>
            <gpxtpx:hr>140</gpxtpx:hr>
          </gpxtpx:TrackPointExtension>
        </extensions>
      </trkpt>
      <trkpt lat="22.558833065946562" lon="113.88909689244464">
        <time>2026-08-22T12:45:02Z</time>
        <extensions>
          <gpxtpx:TrackPointExtension>
            <gpxtpx:hr>140</gpxtpx:hr>
          </gpxtpx:TrackPointExtension>
        </extensions>
      </trkpt>
      <trkpt lat="22.558866052255713" lon="113.8890648562086">
        <time>2026-08-22T12:45:03Z</time>
        <extensions>
          <gpxtpx:TrackPointExtension>
            <gpxtpx:hr>140</gpxtpx:hr>
          </gpxtpx:TrackPointExtension>
        </extensions>
      </trkpt>
      <trkpt lat="22.558888042875896" lon="113.8890428313133">
        <time>2026-08-22T12:45:04Z</time>
        <extensions>
          <gpxtpx:TrackPointExtension>
            <gpxtpx:hr>140</gpxtpx:hr>
          </gpxtpx:TrackPointExtension>
        </extensions>
      </trkpt>
      <trkpt lat="22.558906034500378" lon="113.88902280878894">
        <time>2026-08-22T12:45:05Z</time>
        <extensions>
          <gpxtpx:TrackPointExtension>
            <gpxtpx:hr>140</gpxtpx:hr>
          </gpxtpx:TrackPointExtension>
        </extensions>
      </trkpt>
      <trkpt lat="22.558916027130337" lon="113.88900378782314">
        <time>2026-08-22T12:45:06Z</time>
        <extensions>
          <gpxtpx:TrackPointExtension>
            <gpxtpx:hr>140</gpxtpx:hr>
          </gpxtpx:TrackPointExtension>
        </extensions>
      </trkpt>
      <trkpt lat="22.55893401768794" lon="113.88898076204931">
        <time>2026-08-22T12:45:07Z</time>
        <extensions>
          <gpxtpx:TrackPointExtension>
            <gpxtpx:hr>140</gpxtpx:hr>
          </gpxtpx:TrackPointExtension>
        </extensions>
      </trkpt>
      <trkpt lat="22.55895200822299" lon="113.88895773625194">
        <time>2026-08-22T12:45:08Z</time>
        <extensions>
          <gpxtpx:TrackPointExtension>
            <gpxtpx:hr>140</gpxtpx:hr>
          </gpxtpx:TrackPointExtension>
        </extensions>
      </trkpt>
      <trkpt lat="22.558978001865107" lon="113.88894572173311">
        <time>2026-08-22T12:45:09Z</time>
        <extensions>
          <gpxtpx:TrackPointExtension>
            <gpxtpx:hr>140</gpxtpx:hr>
          </gpxtpx:TrackPointExtension>
        </extensions>
      </trkpt>
      <trkpt lat="22.558986986877063" lon="113.8889046771257">
        <time>2026-08-22T12:45:10Z</time>
        <extensions>
          <gpxtpx:TrackPointExtension>
            <gpxtpx:hr>140</gpxtpx:hr>
          </gpxtpx:TrackPointExtension>
        </extensions>
      </trkpt>
      <trkpt lat="22.558996975226425" lon="113.88887364314648">
        <time>2026-08-22T12:45:11Z</time>
        <extensions>
          <gpxtpx:TrackPointExtension>
            <gpxtpx:hr>139</gpxtpx:hr>
          </gpxtpx:TrackPointExtension>
        </extensions>
      </trkpt>
      <trkpt lat="22.55900195870029" lon="113.88882759326891">
        <time>2026-08-22T12:45:12Z</time>
        <extensions>
          <gpxtpx:TrackPointExtension>
            <gpxtpx:hr>139</gpxtpx:hr>
          </gpxtpx:TrackPointExtension>
        </extensions>
      </trkpt>
      <trkpt lat="22.559020950409117" lon="113.88880857156926">
        <time>2026-08-22T12:45:13Z</time>
        <extensions>
          <gpxtpx:TrackPointExtension>
            <gpxtpx:hr>139</gpxtpx:hr>
          </gpxtpx:TrackPointExtension>
        </extensions>
      </trkpt>
      <trkpt lat="22.5590449402666" lon="113.88878554521655">
        <time>2026-08-22T12:45:14Z</time>
        <extensions>
          <gpxtpx:TrackPointExtension>
            <gpxtpx:hr>139</gpxtpx:hr>
          </gpxtpx:TrackPointExtension>
        </extensions>
      </trkpt>
      <trkpt lat="22.559049932070963" lon="113.8887635211228">
        <time>2026-08-22T12:45:15Z</time>
        <extensions>
          <gpxtpx:TrackPointExtension>
            <gpxtpx:hr>139</gpxtpx:hr>
          </gpxtpx:TrackPointExtension>
        </extensions>
      </trkpt>
      <trkpt lat="22.5590559227061" lon="113.8887384936973">
        <time>2026-08-22T12:45:16Z</time>
        <extensions>
          <gpxtpx:TrackPointExtension>
            <gpxtpx:hr>139</gpxtpx:hr>
          </gpxtpx:TrackPointExtension>
        </extensions>
      </trkpt>
      <trkpt lat="22.55906391776619" lon="113.88872648019952">
        <time>2026-08-22T12:45:17Z</time>
        <extensions>
          <gpxtpx:TrackPointExtension>
            <gpxtpx:hr>139</gpxtpx:hr>
          </gpxtpx:TrackPointExtension>
        </extensions>
      </trkpt>
      <trkpt lat="22.5590769113275" lon="113.88871146312863">
        <time>2026-08-22T12:45:18Z</time>
        <extensions>
          <gpxtpx:TrackPointExtension>
            <gpxtpx:hr>139</gpxtpx:hr>
          </gpxtpx:TrackPointExtension>
        </extensions>
      </trkpt>
      <trkpt lat="22.559083908240076" lon="113.88870445509978">
        <time>2026-08-22T12:45:19Z</time>
        <extensions>
          <gpxtpx:TrackPointExtension>
            <gpxtpx:hr>139</gpxtpx:hr>
          </gpxtpx:TrackPointExtension>
        </extensions>
      </trkpt>
      <trkpt lat="22.559098904826133" lon="113.8886984476472">
        <time>2026-08-22T12:45:20Z</time>
        <extensions>
          <gpxtpx:TrackPointExtension>
            <gpxtpx:hr>139</gpxtpx:hr>
          </gpxtpx:TrackPointExtension>
        </extensions>
      </trkpt>
      <trkpt lat="22.559106904145246" lon="113.88869844714145">
        <time>2026-08-22T12:45:21Z</time>
        <extensions>
          <gpxtpx:TrackPointExtension>
            <gpxtpx:hr>139</gpxtpx:hr>
          </gpxtpx:TrackPointExtension>
        </extensions>
      </trkpt>
      <trkpt lat="22.559109904958824" lon="113.88870145020412">
        <time>2026-08-22T12:45:22Z</time>
        <extensions>
          <gpxtpx:TrackPointExtension>
            <gpxtpx:hr>139</gpxtpx:hr>
          </gpxtpx:TrackPointExtension>
        </extensions>
      </trkpt>
      <trkpt lat="22.559113905686896" lon="113.88870445320319">
        <time>2026-08-22T12:45:23Z</time>
        <extensions>
          <gpxtpx:TrackPointExtension>
            <gpxtpx:hr>139</gpxtpx:hr>
          </gpxtpx:TrackPointExtension>
        </extensions>
      </trkpt>
      <trkpt lat="22.55912190108595" lon="113.88869344077169">
        <time>2026-08-22T12:45:24Z</time>
        <extensions>
          <gpxtpx:TrackPointExtension>
            <gpxtpx:hr>139</gpxtpx:hr>
          </gpxtpx:TrackPointExtension>
        </extensions>
      </trkpt>
      <trkpt lat="22.559137889722905" lon="113.8886654093795">
        <time>2026-08-22T12:45:25Z</time>
        <extensions>
          <gpxtpx:TrackPointExtension>
            <gpxtpx:hr>139</gpxtpx:hr>
          </gpxtpx:TrackPointExtension>
        </extensions>
      </trkpt>
      <trkpt lat="22.559139887405323" lon="113.88865940273838">
        <time>2026-08-22T12:45:26Z</time>
        <extensions>
          <gpxtpx:TrackPointExtension>
            <gpxtpx:hr>139</gpxtpx:hr>
          </gpxtpx:TrackPointExtension>
        </extensions>
      </trkpt>
      <trkpt lat="22.559134887115015" lon="113.88865740088256">
        <time>2026-08-22T12:45:27Z</time>
        <extensions>
          <gpxtpx:TrackPointExtension>
            <gpxtpx:hr>139</gpxtpx:hr>
          </gpxtpx:TrackPointExtension>
        </extensions>
      </trkpt>
      <trkpt lat="22.55913288907523" lon="113.88866240643846">
        <time>2026-08-22T12:45:28Z</time>
        <extensions>
          <gpxtpx:TrackPointExtension>
            <gpxtpx:hr>139</gpxtpx:hr>
          </gpxtpx:TrackPointExtension>
        </extensions>
      </trkpt>
      <trkpt lat="22.559122893503353" lon="113.88867241792623">
        <time>2026-08-22T12:45:29Z</time>
        <extensions>
          <gpxtpx:TrackPointExtension>
            <gpxtpx:hr>139</gpxtpx:hr>
          </gpxtpx:TrackPointExtension>
        </extensions>
      </trkpt>
      <trkpt lat="22.559087902909887" lon="113.88869043966776">
        <time>2026-08-22T12:45:30Z</time>
        <extensions>
          <gpxtpx:TrackPointExtension>
            <gpxtpx:hr>139</gpxtpx:hr>
          </gpxtpx:TrackPointExtension>
        </extensions>
      </trkpt>
      <trkpt lat="22.55906690612303" lon="113.88869444533317">
        <time>2026-08-22T12:45:31Z</time>
        <extensions>
          <gpxtpx:TrackPointExtension>
            <gpxtpx:hr>139</gpxtpx:hr>
          </gpxtpx:TrackPointExtension>
        </extensions>
      </trkpt>
      <trkpt lat="22.559044912981626" lon="113.88870846190065">
        <time>2026-08-22T12:45:32Z</time>
        <extensions>
          <gpxtpx:TrackPointExtension>
            <gpxtpx:hr>139</gpxtpx:hr>
          </gpxtpx:TrackPointExtension>
        </extensions>
      </trkpt>
      <trkpt lat="22.559031921197786" lon="113.88872848438834">
        <time>2026-08-22T12:45:33Z</time>
        <extensions>
          <gpxtpx:TrackPointExtension>
            <gpxtpx:hr>139</gpxtpx:hr>
          </gpxtpx:TrackPointExtension>
        </extensions>
      </trkpt>
      <trkpt lat="22.559015932484993" lon="113.88875651570213">
        <time>2026-08-22T12:45:34Z</time>
        <extensions>
          <gpxtpx:TrackPointExtension>
            <gpxtpx:hr>139</gpxtpx:hr>
          </gpxtpx:TrackPointExtension>
        </extensions>
      </trkpt>
      <trkpt lat="22.55899194688737" lon="113.88879155504824">
        <time>2026-08-22T12:45:35Z</time>
        <extensions>
          <gpxtpx:TrackPointExtension>
            <gpxtpx:hr>139</gpxtpx:hr>
          </gpxtpx:TrackPointExtension>
        </extensions>
      </trkpt>
      <trkpt lat="22.558984959442697" lon="113.88882559218666">
        <time>2026-08-22T12:45:36Z</time>
        <extensions>
          <gpxtpx:TrackPointExtension>
            <gpxtpx:hr>142</gpxtpx:hr>
          </gpxtpx:TrackPointExtension>
        </extensions>
      </trkpt>
      <trkpt lat="22.558972967475174" lon="113.88884561450709">
        <time>2026-08-22T12:45:37Z</time>
        <extensions>
          <gpxtpx:TrackPointExtension>
            <gpxtpx:hr>142</gpxtpx:hr>
          </gpxtpx:TrackPointExtension>
        </extensions>
      </trkpt>
      <trkpt lat="22.558959974177743" lon="113.88886163256556">
        <time>2026-08-22T12:45:38Z</time>
        <extensions>
          <gpxtpx:TrackPointExtension>
            <gpxtpx:hr>142</gpxtpx:hr>
          </gpxtpx:TrackPointExtension>
        </extensions>
      </trkpt>
      <trkpt lat="22.558945984092695" lon="113.88888666036006">
        <time>2026-08-22T12:45:39Z</time>
        <extensions>
          <gpxtpx:TrackPointExtension>
            <gpxtpx:hr>142</gpxtpx:hr>
          </gpxtpx:TrackPointExtension>
        </extensions>
      </trkpt>
      <trkpt lat="22.55893499164098" lon="113.88890568148804">
        <time>2026-08-22T12:45:40Z</time>
        <extensions>
          <gpxtpx:TrackPointExtension>
            <gpxtpx:hr>142</gpxtpx:hr>
          </gpxtpx:TrackPointExtension>
        </extensions>
      </trkpt>
      <trkpt lat="22.55891500132527" lon="113.88892870746508">
        <time>2026-08-22T12:45:41Z</time>
        <extensions>
          <gpxtpx:TrackPointExtension>
            <gpxtpx:hr>145</gpxtpx:hr>
          </gpxtpx:TrackPointExtension>
        </extensions>
      </trkpt>
      <trkpt lat="22.558896005363845" lon="113.88893571618281">
        <time>2026-08-22T12:45:42Z</time>
        <extensions>
          <gpxtpx:TrackPointExtension>
            <gpxtpx:hr>145</gpxtpx:hr>
          </gpxtpx:TrackPointExtension>
        </extensions>
      </trkpt>
      <trkpt lat="22.55887101198511" lon="113.88894873171682">
        <time>2026-08-22T12:45:43Z</time>
        <extensions>
          <gpxtpx:TrackPointExtension>
            <gpxtpx:hr>145</gpxtpx:hr>
          </gpxtpx:TrackPointExtension>
        </extensions>
      </trkpt>
      <trkpt lat="22.55886301715711" lon="113.8889617461686">
        <time>2026-08-22T12:45:44Z</time>
        <extensions>
          <gpxtpx:TrackPointExtension>
            <gpxtpx:hr>145</gpxtpx:hr>
          </gpxtpx:TrackPointExtension>
        </extensions>
      </trkpt>
      <trkpt lat="22.558851026107448" lon="113.88898477158257">
        <time>2026-08-22T12:45:45Z</time>
        <extensions>
          <gpxtpx:TrackPointExtension>
            <gpxtpx:hr>145</gpxtpx:hr>
          </gpxtpx:TrackPointExtension>
        </extensions>
      </trkpt>
      <trkpt lat="22.5588300299534" lon="113.88899077933809">
        <time>2026-08-22T12:45:46Z</time>
        <extensions>
          <gpxtpx:TrackPointExtension>
            <gpxtpx:hr>147</gpxtpx:hr>
          </gpxtpx:TrackPointExtension>
        </extensions>
      </trkpt>
      <trkpt lat="22.55881103121932" lon="113.888989779468">
        <time>2026-08-22T12:45:47Z</time>
        <extensions>
          <gpxtpx:TrackPointExtension>
            <gpxtpx:hr>147</gpxtpx:hr>
          </gpxtpx:TrackPointExtension>
        </extensions>
      </trkpt>
      <trkpt lat="22.55879204279365" lon="113.88901881171628">
        <time>2026-08-22T12:45:48Z</time>
        <extensions>
          <gpxtpx:TrackPointExtension>
            <gpxtpx:hr>147</gpxtpx:hr>
          </gpxtpx:TrackPointExtension>
        </extensions>
      </trkpt>
      <trkpt lat="22.558776052710783" lon="113.88904383946247">
        <time>2026-08-22T12:45:49Z</time>
        <extensions>
          <gpxtpx:TrackPointExtension>
            <gpxtpx:hr>147</gpxtpx:hr>
          </gpxtpx:TrackPointExtension>
        </extensions>
      </trkpt>
      <trkpt lat="22.558764060557685" lon="113.8890638615888">
        <time>2026-08-22T12:45:50Z</time>
        <extensions>
          <gpxtpx:TrackPointExtension>
            <gpxtpx:hr>147</gpxtpx:hr>
          </gpxtpx:TrackPointExtension>
        </extensions>
      </trkpt>
      <trkpt lat="22.55874706881091" lon="113.8890838840134">
        <time>2026-08-22T12:45:51Z</time>
        <extensions>
          <gpxtpx:TrackPointExtension>
            <gpxtpx:hr>150</gpxtpx:hr>
          </gpxtpx:TrackPointExtension>
        </extensions>
      </trkpt>
      <trkpt lat="22.55872507577237" lon="113.8890989014049">
        <time>2026-08-22T12:45:52Z</time>
        <extensions>
          <gpxtpx:TrackPointExtension>
            <gpxtpx:hr>150</gpxtpx:hr>
          </gpxtpx:TrackPointExtension>
        </extensions>
      </trkpt>
      <trkpt lat="22.55869808924242" lon="113.88913193827807">
        <time>2026-08-22T12:45:53Z</time>
        <extensions>
          <gpxtpx:TrackPointExtension>
            <gpxtpx:hr>150</gpxtpx:hr>
          </gpxtpx:TrackPointExtension>
        </extensions>
      </trkpt>
      <trkpt lat="22.558684098870213" lon="113.88915696577192">
        <time>2026-08-22T12:45:54Z</time>
        <extensions>
          <gpxtpx:TrackPointExtension>
            <gpxtpx:hr>150</gpxtpx:hr>
          </gpxtpx:TrackPointExtension>
        </extensions>
      </trkpt>
      <trkpt lat="22.55866211250761" lon="113.88919200436823">
        <time>2026-08-22T12:45:55Z</time>
        <extensions>
          <gpxtpx:TrackPointExtension>
            <gpxtpx:hr>150</gpxtpx:hr>
          </gpxtpx:TrackPointExtension>
        </extensions>
      </trkpt>
      <trkpt lat="22.558637118311445" lon="113.8892030176305">
        <time>2026-08-22T12:45:56Z</time>
        <extensions>
          <gpxtpx:TrackPointExtension>
            <gpxtpx:hr>153</gpxtpx:hr>
          </gpxtpx:TrackPointExtension>
        </extensions>
      </trkpt>
      <trkpt lat="22.558625129031473" lon="113.88923204916094">
        <time>2026-08-22T12:45:57Z</time>
        <extensions>
          <gpxtpx:TrackPointExtension>
            <gpxtpx:hr>153</gpxtpx:hr>
          </gpxtpx:TrackPointExtension>
        </extensions>
      </trkpt>
      <trkpt lat="22.55859614015312" lon="113.88925807855085">
        <time>2026-08-22T12:45:58Z</time>
        <extensions>
          <gpxtpx:TrackPointExtension>
            <gpxtpx:hr>153</gpxtpx:hr>
          </gpxtpx:TrackPointExtension>
        </extensions>
      </trkpt>
      <trkpt lat="22.55857315173437" lon="113.88928711070548">
        <time>2026-08-22T12:45:59Z</time>
        <extensions>
          <gpxtpx:TrackPointExtension>
            <gpxtpx:hr>153</gpxtpx:hr>
          </gpxtpx:TrackPointExtension>
        </extensions>
      </trkpt>
      <trkpt lat="22.558553159718766" lon="113.88930613206367">
        <time>2026-08-22T12:46:00Z</time>
        <extensions>
          <gpxtpx:TrackPointExtension>
            <gpxtpx:hr>153</gpxtpx:hr>
          </gpxtpx:TrackPointExtension>
        </extensions>
      </trkpt>
      <trkpt lat="22.55852617025841" lon="113.88933116018526">
        <time>2026-08-22T12:46:01Z</time>
        <extensions>
          <gpxtpx:TrackPointExtension>
            <gpxtpx:hr>154</gpxtpx:hr>
          </gpxtpx:TrackPointExtension>
        </extensions>
      </trkpt>
      <trkpt lat="22.558518181469683" lon="113.8893631944612">
        <time>2026-08-22T12:46:02Z</time>
        <extensions>
          <gpxtpx:TrackPointExtension>
            <gpxtpx:hr>154</gpxtpx:hr>
          </gpxtpx:TrackPointExtension>
        </extensions>
      </trkpt>
      <trkpt lat="22.55848618581061" lon="113.8893682017565">
        <time>2026-08-22T12:46:03Z</time>
        <extensions>
          <gpxtpx:TrackPointExtension>
            <gpxtpx:hr>154</gpxtpx:hr>
          </gpxtpx:TrackPointExtension>
        </extensions>
      </trkpt>
      <trkpt lat="22.558467192333236" lon="113.88938321876827">
        <time>2026-08-22T12:46:04Z</time>
        <extensions>
          <gpxtpx:TrackPointExtension>
            <gpxtpx:hr>154</gpxtpx:hr>
          </gpxtpx:TrackPointExtension>
        </extensions>
      </trkpt>
      <trkpt lat="22.558431196677223" lon="113.88938722525846">
        <time>2026-08-22T12:46:05Z</time>
        <extensions>
          <gpxtpx:TrackPointExtension>
            <gpxtpx:hr>154</gpxtpx:hr>
          </gpxtpx:TrackPointExtension>
        </extensions>
      </trkpt>
      <trkpt lat="22.558410202046783" lon="113.8893982381721">
        <time>2026-08-22T12:46:06Z</time>
        <extensions>
          <gpxtpx:TrackPointExtension>
            <gpxtpx:hr>154</gpxtpx:hr>
          </gpxtpx:TrackPointExtension>
        </extensions>
      </trkpt>
      <trkpt lat="22.55838920479604" lon="113.88940124265852">
        <time>2026-08-22T12:46:07Z</time>
        <extensions>
          <gpxtpx:TrackPointExtension>
            <gpxtpx:hr>154</gpxtpx:hr>
          </gpxtpx:TrackPointExtension>
        </extensions>
      </trkpt>
      <trkpt lat="22.5583492114301" lon="113.8894112557139">
        <time>2026-08-22T12:46:08Z</time>
        <extensions>
          <gpxtpx:TrackPointExtension>
            <gpxtpx:hr>154</gpxtpx:hr>
          </gpxtpx:TrackPointExtension>
        </extensions>
      </trkpt>
      <trkpt lat="22.558316219099584" lon="113.88942627358183">
        <time>2026-08-22T12:46:09Z</time>
        <extensions>
          <gpxtpx:TrackPointExtension>
            <gpxtpx:hr>154</gpxtpx:hr>
          </gpxtpx:TrackPointExtension>
        </extensions>
      </trkpt>
      <trkpt lat="22.55830322637805" lon="113.88944529437954">
        <time>2026-08-22T12:46:10Z</time>
        <extensions>
          <gpxtpx:TrackPointExtension>
            <gpxtpx:hr>154</gpxtpx:hr>
          </gpxtpx:TrackPointExtension>
        </extensions>
      </trkpt>
      <trkpt lat="22.558285234061387" lon="113.8894643154772">
        <time>2026-08-22T12:46:11Z</time>
        <extensions>
          <gpxtpx:TrackPointExtension>
            <gpxtpx:hr>155</gpxtpx:hr>
          </gpxtpx:TrackPointExtension>
        </extensions>
      </trkpt>
      <trkpt lat="22.55827124430337" lon="113.88949234574724">
        <time>2026-08-22T12:46:12Z</time>
        <extensions>
          <gpxtpx:TrackPointExtension>
            <gpxtpx:hr>155</gpxtpx:hr>
          </gpxtpx:TrackPointExtension>
        </extensions>
      </trkpt>
      <trkpt lat="22.558258251206038" lon="113.88951036544093">
        <time>2026-08-22T12:46:13Z</time>
        <extensions>
          <gpxtpx:TrackPointExtension>
            <gpxtpx:hr>155</gpxtpx:hr>
          </gpxtpx:TrackPointExtension>
        </extensions>
      </trkpt>
      <trkpt lat="22.55822725477678" lon="113.8895133705444">
        <time>2026-08-22T12:46:14Z</time>
        <extensions>
          <gpxtpx:TrackPointExtension>
            <gpxtpx:hr>155</gpxtpx:hr>
          </gpxtpx:TrackPointExtension>
        </extensions>
      </trkpt>
      <trkpt lat="22.558204260572275" lon="113.88952538456991">
        <time>2026-08-22T12:46:15Z</time>
        <extensions>
          <gpxtpx:TrackPointExtension>
            <gpxtpx:hr>155</gpxtpx:hr>
          </gpxtpx:TrackPointExtension>
        </extensions>
      </trkpt>
      <trkpt lat="22.55819626735025" lon="113.8895444049675">
        <time>2026-08-22T12:46:16Z</time>
        <extensions>
          <gpxtpx:TrackPointExtension>
            <gpxtpx:hr>154</gpxtpx:hr>
          </gpxtpx:TrackPointExtension>
        </extensions>
      </trkpt>
      <trkpt lat="22.5581882709089" lon="113.88955341489002">
        <time>2026-08-22T12:46:17Z</time>
        <extensions>
          <gpxtpx:TrackPointExtension>
            <gpxtpx:hr>154</gpxtpx:hr>
          </gpxtpx:TrackPointExtension>
        </extensions>
      </trkpt>
      <trkpt lat="22.55817527360229" lon="113.88955842094178">
        <time>2026-08-22T12:46:18Z</time>
        <extensions>
          <gpxtpx:TrackPointExtension>
            <gpxtpx:hr>154</gpxtpx:hr>
          </gpxtpx:TrackPointExtension>
        </extensions>
      </trkpt>
      <trkpt lat="22.558149277064576" lon="113.8895624267685">
        <time>2026-08-22T12:46:19Z</time>
        <extensions>
          <gpxtpx:TrackPointExtension>
            <gpxtpx:hr>154</gpxtpx:hr>
          </gpxtpx:TrackPointExtension>
        </extensions>
      </trkpt>
      <trkpt lat="22.558135275034086" lon="113.88955241719412">
        <time>2026-08-22T12:46:20Z</time>
        <extensions>
          <gpxtpx:TrackPointExtension>
            <gpxtpx:hr>154</gpxtpx:hr>
          </gpxtpx:TrackPointExtension>
        </extensions>
      </trkpt>
      <trkpt lat="22.558111277366724" lon="113.88955341975735">
        <time>2026-08-22T12:46:21Z</time>
        <extensions>
          <gpxtpx:TrackPointExtension>
            <gpxtpx:hr>154</gpxtpx:hr>
          </gpxtpx:TrackPointExtension>
        </extensions>
      </trkpt>
      <trkpt lat="22.558057282532115" lon="113.88955542526294">
        <time>2026-08-22T12:46:22Z</time>
        <extensions>
          <gpxtpx:TrackPointExtension>
            <gpxtpx:hr>154</gpxtpx:hr>
          </gpxtpx:TrackPointExtension>
        </extensions>
      </trkpt>
      <trkpt lat="22.558029284235367" lon="113.88955342494073">
        <time>2026-08-22T12:46:23Z</time>
        <extensions>
          <gpxtpx:TrackPointExtension>
            <gpxtpx:hr>154</gpxtpx:hr>
          </gpxtpx:TrackPointExtension>
        </extensions>
      </trkpt>
      <trkpt lat="22.558005287526182" lon="113.8895574306419">
        <time>2026-08-22T12:46:24Z</time>
        <extensions>
          <gpxtpx:TrackPointExtension>
            <gpxtpx:hr>154</gpxtpx:hr>
          </gpxtpx:TrackPointExtension>
        </extensions>
      </trkpt>
      <trkpt lat="22.55798928918531" lon="113.8895584326992">
        <time>2026-08-22T12:46:25Z</time>
        <extensions>
          <gpxtpx:TrackPointExtension>
            <gpxtpx:hr>154</gpxtpx:hr>
          </gpxtpx:TrackPointExtension>
        </extensions>
      </trkpt>
      <trkpt lat="22.55797329116441" lon="113.88956043580228">
        <time>2026-08-22T12:46:26Z</time>
        <extensions>
          <gpxtpx:TrackPointExtension>
            <gpxtpx:hr>154</gpxtpx:hr>
          </gpxtpx:TrackPointExtension>
        </extensions>
      </trkpt>
      <trkpt lat="22.557946293422138" lon="113.88956043750899">
        <time>2026-08-22T12:46:27Z</time>
        <extensions>
          <gpxtpx:TrackPointExtension>
            <gpxtpx:hr>154</gpxtpx:hr>
          </gpxtpx:TrackPointExtension>
        </extensions>
      </trkpt>
      <trkpt lat="22.557932298753112" lon="113.88957345198557">
        <time>2026-08-22T12:46:28Z</time>
        <extensions>
          <gpxtpx:TrackPointExtension>
            <gpxtpx:hr>154</gpxtpx:hr>
          </gpxtpx:TrackPointExtension>
        </extensions>
      </trkpt>
      <trkpt lat="22.55791330609017" lon="113.88959147199326">
        <time>2026-08-22T12:46:29Z</time>
        <extensions>
          <gpxtpx:TrackPointExtension>
            <gpxtpx:hr>154</gpxtpx:hr>
          </gpxtpx:TrackPointExtension>
        </extensions>
      </trkpt>
      <trkpt lat="22.55789531141926" lon="113.88960348566079">
        <time>2026-08-22T12:46:30Z</time>
        <extensions>
          <gpxtpx:TrackPointExtension>
            <gpxtpx:hr>154</gpxtpx:hr>
          </gpxtpx:TrackPointExtension>
        </extensions>
      </trkpt>
      <trkpt lat="22.55787131915025" lon="113.88962150596038">
        <time>2026-08-22T12:46:31Z</time>
        <extensions>
          <gpxtpx:TrackPointExtension>
            <gpxtpx:hr>156</gpxtpx:hr>
          </gpxtpx:TrackPointExtension>
        </extensions>
      </trkpt>
      <trkpt lat="22.557851322090787" lon="113.88962551139652">
        <time>2026-08-22T12:46:32Z</time>
        <extensions>
          <gpxtpx:TrackPointExtension>
            <gpxtpx:hr>156</gpxtpx:hr>
          </gpxtpx:TrackPointExtension>
        </extensions>
      </trkpt>
      <trkpt lat="22.55782432307351" lon="113.88962150893128">
        <time>2026-08-22T12:46:33Z</time>
        <extensions>
          <gpxtpx:TrackPointExtension>
            <gpxtpx:hr>156</gpxtpx:hr>
          </gpxtpx:TrackPointExtension>
        </extensions>
      </trkpt>
      <trkpt lat="22.55779732500821" lon="113.88962050959489">
        <time>2026-08-22T12:46:34Z</time>
        <extensions>
          <gpxtpx:TrackPointExtension>
            <gpxtpx:hr>156</gpxtpx:hr>
          </gpxtpx:TrackPointExtension>
        </extensions>
      </trkpt>
      <trkpt lat="22.557775328431354" lon="113.88962551620054">
        <time>2026-08-22T12:46:35Z</time>
        <extensions>
          <gpxtpx:TrackPointExtension>
            <gpxtpx:hr>156</gpxtpx:hr>
          </gpxtpx:TrackPointExtension>
        </extensions>
      </trkpt>
      <trkpt lat="22.55775432954675" lon="113.8896235154421">
        <time>2026-08-22T12:46:36Z</time>
        <extensions>
          <gpxtpx:TrackPointExtension>
            <gpxtpx:hr>156</gpxtpx:hr>
          </gpxtpx:TrackPointExtension>
        </extensions>
      </trkpt>
      <trkpt lat="22.55773032868601" lon="113.88961450757051">
        <time>2026-08-22T12:46:37Z</time>
        <extensions>
          <gpxtpx:TrackPointExtension>
            <gpxtpx:hr>156</gpxtpx:hr>
          </gpxtpx:TrackPointExtension>
        </extensions>
      </trkpt>
      <trkpt lat="22.55770732327563" lon="113.88959148501472">
        <time>2026-08-22T12:46:38Z</time>
        <extensions>
          <gpxtpx:TrackPointExtension>
            <gpxtpx:hr>156</gpxtpx:hr>
          </gpxtpx:TrackPointExtension>
        </extensions>
      </trkpt>
      <trkpt lat="22.557683319525005" lon="113.88957346772514">
        <time>2026-08-22T12:46:39Z</time>
        <extensions>
          <gpxtpx:TrackPointExtension>
            <gpxtpx:hr>156</gpxtpx:hr>
          </gpxtpx:TrackPointExtension>
        </extensions>
      </trkpt>
      <trkpt lat="22.5576633167089" lon="113.88955945435194">
        <time>2026-08-22T12:46:40Z</time>
        <extensions>
          <gpxtpx:TrackPointExtension>
            <gpxtpx:hr>156</gpxtpx:hr>
          </gpxtpx:TrackPointExtension>
        </extensions>
      </trkpt>
      <trkpt lat="22.557645311469916" lon="113.8895384335172">
        <time>2026-08-22T12:46:42Z</time>
        <extensions>
          <gpxtpx:TrackPointExtension>
            <gpxtpx:hr>155</gpxtpx:hr>
          </gpxtpx:TrackPointExtension>
        </extensions>
      </trkpt>
      <trkpt lat="22.55763030757255" lon="113.88952241771115">
        <time>2026-08-22T12:46:43Z</time>
        <extensions>
          <gpxtpx:TrackPointExtension>
            <gpxtpx:hr>155</gpxtpx:hr>
          </gpxtpx:TrackPointExtension>
        </extensions>
      </trkpt>
      <trkpt lat="22.557605298682304" lon="113.88948838365073">
        <time>2026-08-22T12:46:44Z</time>
        <extensions>
          <gpxtpx:TrackPointExtension>
            <gpxtpx:hr>155</gpxtpx:hr>
          </gpxtpx:TrackPointExtension>
        </extensions>
      </trkpt>
      <trkpt lat="22.557591288828267" lon="113.88945434884333">
        <time>2026-08-22T12:46:45Z</time>
        <extensions>
          <gpxtpx:TrackPointExtension>
            <gpxtpx:hr>155</gpxtpx:hr>
          </gpxtpx:TrackPointExtension>
        </extensions>
      </trkpt>
      <trkpt lat="22.557574284063122" lon="113.8894353299497">
        <time>2026-08-22T12:46:47Z</time>
        <extensions>
          <gpxtpx:TrackPointExtension>
            <gpxtpx:hr>156</gpxtpx:hr>
          </gpxtpx:TrackPointExtension>
        </extensions>
      </trkpt>
      <trkpt lat="22.557539275877655" lon="113.88940129638927">
        <time>2026-08-22T12:46:48Z</time>
        <extensions>
          <gpxtpx:TrackPointExtension>
            <gpxtpx:hr>156</gpxtpx:hr>
          </gpxtpx:TrackPointExtension>
        </extensions>
      </trkpt>
      <trkpt lat="22.557522267789036" lon="113.88937226691094">
        <time>2026-08-22T12:46:50Z</time>
        <extensions>
          <gpxtpx:TrackPointExtension>
            <gpxtpx:hr>156</gpxtpx:hr>
          </gpxtpx:TrackPointExtension>
        </extensions>
      </trkpt>
      <trkpt lat="22.557508263036894" lon="113.88935424881313">
        <time>2026-08-22T12:46:51Z</time>
        <extensions>
          <gpxtpx:TrackPointExtension>
            <gpxtpx:hr>156</gpxtpx:hr>
          </gpxtpx:TrackPointExtension>
        </extensions>
      </trkpt>
      <trkpt lat="22.55748225959666" lon="113.8893372325152">
        <time>2026-08-22T12:46:52Z</time>
        <extensions>
          <gpxtpx:TrackPointExtension>
            <gpxtpx:hr>156</gpxtpx:hr>
          </gpxtpx:TrackPointExtension>
        </extensions>
      </trkpt>
      <trkpt lat="22.557453259694174" lon="113.88933022695694">
        <time>2026-08-22T12:46:53Z</time>
        <extensions>
          <gpxtpx:TrackPointExtension>
            <gpxtpx:hr>156</gpxtpx:hr>
          </gpxtpx:TrackPointExtension>
        </extensions>
      </trkpt>
      <trkpt lat="22.55743525623282" lon="113.88931521224866">
        <time>2026-08-22T12:46:54Z</time>
        <extensions>
          <gpxtpx:TrackPointExtension>
            <gpxtpx:hr>156</gpxtpx:hr>
          </gpxtpx:TrackPointExtension>
        </extensions>
      </trkpt>
      <trkpt lat="22.55741925590605" lon="113.8893102079758">
        <time>2026-08-22T12:46:55Z</time>
        <extensions>
          <gpxtpx:TrackPointExtension>
            <gpxtpx:hr>156</gpxtpx:hr>
          </gpxtpx:TrackPointExtension>
        </extensions>
      </trkpt>
      <trkpt lat="22.557408250856533" lon="113.88929218963855">
        <time>2026-08-22T12:46:56Z</time>
        <extensions>
          <gpxtpx:TrackPointExtension>
            <gpxtpx:hr>156</gpxtpx:hr>
          </gpxtpx:TrackPointExtension>
        </extensions>
      </trkpt>
      <trkpt lat="22.557402250359004" lon="113.88928918684432">
        <time>2026-08-22T12:46:57Z</time>
        <extensions>
          <gpxtpx:TrackPointExtension>
            <gpxtpx:hr>156</gpxtpx:hr>
          </gpxtpx:TrackPointExtension>
        </extensions>
      </trkpt>
      <trkpt lat="22.557394245044758" lon="113.88927116830058">
        <time>2026-08-22T12:46:58Z</time>
        <extensions>
          <gpxtpx:TrackPointExtension>
            <gpxtpx:hr>156</gpxtpx:hr>
          </gpxtpx:TrackPointExtension>
        </extensions>
      </trkpt>
      <trkpt lat="22.557373234121552" lon="113.8892331293651">
        <time>2026-08-22T12:46:59Z</time>
        <extensions>
          <gpxtpx:TrackPointExtension>
            <gpxtpx:hr>156</gpxtpx:hr>
          </gpxtpx:TrackPointExtension>
        </extensions>
      </trkpt>
      <trkpt lat="22.55735923361063" lon="113.88922812494754">
        <time>2026-08-22T12:47:00Z</time>
        <extensions>
          <gpxtpx:TrackPointExtension>
            <gpxtpx:hr>156</gpxtpx:hr>
          </gpxtpx:TrackPointExtension>
        </extensions>
      </trkpt>
      <trkpt lat="22.557324240517087" lon="113.88924013988421">
        <time>2026-08-22T12:47:01Z</time>
        <extensions>
          <gpxtpx:TrackPointExtension>
            <gpxtpx:hr>156</gpxtpx:hr>
          </gpxtpx:TrackPointExtension>
        </extensions>
      </trkpt>
      <trkpt lat="22.55733223417491" lon="113.8892231213506">
        <time>2026-08-22T12:47:02Z</time>
        <extensions>
          <gpxtpx:TrackPointExtension>
            <gpxtpx:hr>156</gpxtpx:hr>
          </gpxtpx:TrackPointExtension>
        </extensions>
      </trkpt>
      <trkpt lat="22.55731523491331" lon="113.88922112030342">
        <time>2026-08-22T12:47:03Z</time>
        <extensions>
          <gpxtpx:TrackPointExtension>
            <gpxtpx:hr>156</gpxtpx:hr>
          </gpxtpx:TrackPointExtension>
        </extensions>
      </trkpt>
      <trkpt lat="22.557308231475144" lon="113.8892091080115">
        <time>2026-08-22T12:47:04Z</time>
        <extensions>
          <gpxtpx:TrackPointExtension>
            <gpxtpx:hr>156</gpxtpx:hr>
          </gpxtpx:TrackPointExtension>
        </extensions>
      </trkpt>
      <trkpt lat="22.55728123672317" lon="113.88921811926964">
        <time>2026-08-22T12:47:05Z</time>
        <extensions>
          <gpxtpx:TrackPointExtension>
            <gpxtpx:hr>156</gpxtpx:hr>
          </gpxtpx:TrackPointExtension>
        </extensions>
      </trkpt>
      <trkpt lat="22.557274229929334" lon="113.88919609635786">
        <time>2026-08-22T12:47:06Z</time>
        <extensions>
          <gpxtpx:TrackPointExtension>
            <gpxtpx:hr>155</gpxtpx:hr>
          </gpxtpx:TrackPointExtension>
        </extensions>
      </trkpt>
      <trkpt lat="22.557259218050007" lon="113.88915705585228">
        <time>2026-08-22T12:47:07Z</time>
        <extensions>
          <gpxtpx:TrackPointExtension>
            <gpxtpx:hr>155</gpxtpx:hr>
          </gpxtpx:TrackPointExtension>
        </extensions>
      </trkpt>
      <trkpt lat="22.557237214468184" lon="113.88914104021666">
        <time>2026-08-22T12:47:08Z</time>
        <extensions>
          <gpxtpx:TrackPointExtension>
            <gpxtpx:hr>155</gpxtpx:hr>
          </gpxtpx:TrackPointExtension>
        </extensions>
      </trkpt>
      <trkpt lat="22.557210214333637" lon="113.88913403447081">
        <time>2026-08-22T12:47:09Z</time>
        <extensions>
          <gpxtpx:TrackPointExtension>
            <gpxtpx:hr>155</gpxtpx:hr>
          </gpxtpx:TrackPointExtension>
        </extensions>
      </trkpt>
      <trkpt lat="22.55719621718091" lon="113.8891390406793">
        <time>2026-08-22T12:47:10Z</time>
        <extensions>
          <gpxtpx:TrackPointExtension>
            <gpxtpx:hr>155</gpxtpx:hr>
          </gpxtpx:TrackPointExtension>
        </extensions>
      </trkpt>
      <trkpt lat="22.557212214844654" lon="113.88913603647391">
        <time>2026-08-22T12:47:11Z</time>
        <extensions>
          <gpxtpx:TrackPointExtension>
            <gpxtpx:hr>155</gpxtpx:hr>
          </gpxtpx:TrackPointExtension>
        </extensions>
      </trkpt>
      <trkpt lat="22.557213216114107" lon="113.88914004066925">
        <time>2026-08-22T12:47:12Z</time>
        <extensions>
          <gpxtpx:TrackPointExtension>
            <gpxtpx:hr>155</gpxtpx:hr>
          </gpxtpx:TrackPointExtension>
        </extensions>
      </trkpt>
      <trkpt lat="22.557213216114107" lon="113.88914004066925">
        <time>2026-08-22T12:47:13Z</time>
        <extensions>
          <gpxtpx:TrackPointExtension>
            <gpxtpx:hr>155</gpxtpx:hr>
          </gpxtpx:TrackPointExtension>
        </extensions>
      </trkpt>
      <trkpt lat="22.5572132167899" lon="113.88914204279824">
        <time>2026-08-22T12:47:14Z</time>
        <extensions>
          <gpxtpx:TrackPointExtension>
            <gpxtpx:hr>155</gpxtpx:hr>
          </gpxtpx:TrackPointExtension>
        </extensions>
      </trkpt>
      <trkpt lat="22.557232210823752" lon="113.88912902775552">
        <time>2026-08-22T12:47:15Z</time>
        <extensions>
          <gpxtpx:TrackPointExtension>
            <gpxtpx:hr>155</gpxtpx:hr>
          </gpxtpx:TrackPointExtension>
        </extensions>
      </trkpt>
      <trkpt lat="22.557215208504" lon="113.88911801711205">
        <time>2026-08-22T12:47:16Z</time>
        <extensions>
          <gpxtpx:TrackPointExtension>
            <gpxtpx:hr>155</gpxtpx:hr>
          </gpxtpx:TrackPointExtension>
        </extensions>
      </trkpt>
      <trkpt lat="22.557214203838484" lon="113.88910400225356">
        <time>2026-08-22T12:47:17Z</time>
        <extensions>
          <gpxtpx:TrackPointExtension>
            <gpxtpx:hr>155</gpxtpx:hr>
          </gpxtpx:TrackPointExtension>
        </extensions>
      </trkpt>
      <trkpt lat="22.55720920493051" lon="113.88910600470183">
        <time>2026-08-22T12:47:18Z</time>
        <extensions>
          <gpxtpx:TrackPointExtension>
            <gpxtpx:hr>155</gpxtpx:hr>
          </gpxtpx:TrackPointExtension>
        </extensions>
      </trkpt>
      <trkpt lat="22.55720120321501" lon="113.88909899774403">
        <time>2026-08-22T12:47:19Z</time>
        <extensions>
          <gpxtpx:TrackPointExtension>
            <gpxtpx:hr>155</gpxtpx:hr>
          </gpxtpx:TrackPointExtension>
        </extensions>
      </trkpt>
      <trkpt lat="22.557204196846516" lon="113.88908097835248">
        <time>2026-08-22T12:47:20Z</time>
        <extensions>
          <gpxtpx:TrackPointExtension>
            <gpxtpx:hr>155</gpxtpx:hr>
          </gpxtpx:TrackPointExtension>
        </extensions>
      </trkpt>
      <trkpt lat="22.557189201827835" lon="113.88909199103689">
        <time>2026-08-22T12:47:21Z</time>
        <extensions>
          <gpxtpx:TrackPointExtension>
            <gpxtpx:hr>154</gpxtpx:hr>
          </gpxtpx:TrackPointExtension>
        </extensions>
      </trkpt>
      <trkpt lat="22.557148190557335" lon="113.88904894772008">
        <time>2026-08-22T12:47:22Z</time>
        <extensions>
          <gpxtpx:TrackPointExtension>
            <gpxtpx:hr>154</gpxtpx:hr>
          </gpxtpx:TrackPointExtension>
        </extensions>
      </trkpt>
      <trkpt lat="22.557130194775855" lon="113.88905695740527">
        <time>2026-08-22T12:47:23Z</time>
        <extensions>
          <gpxtpx:TrackPointExtension>
            <gpxtpx:hr>154</gpxtpx:hr>
          </gpxtpx:TrackPointExtension>
        </extensions>
      </trkpt>
      <trkpt lat="22.55710218271002" lon="113.88901491426981">
        <time>2026-08-22T12:47:24Z</time>
        <extensions>
          <gpxtpx:TrackPointExtension>
            <gpxtpx:hr>154</gpxtpx:hr>
          </gpxtpx:TrackPointExtension>
        </extensions>
      </trkpt>
      <trkpt lat="22.557072177624498" lon="113.88899289261296">
        <time>2026-08-22T12:47:25Z</time>
        <extensions>
          <gpxtpx:TrackPointExtension>
            <gpxtpx:hr>154</gpxtpx:hr>
          </gpxtpx:TrackPointExtension>
        </extensions>
      </trkpt>
      <trkpt lat="22.55706517682498" lon="113.88898888877073">
        <time>2026-08-22T12:47:26Z</time>
        <extensions>
          <gpxtpx:TrackPointExtension>
            <gpxtpx:hr>153</gpxtpx:hr>
          </gpxtpx:TrackPointExtension>
        </extensions>
      </trkpt>
      <trkpt lat="22.55705917938447" lon="113.88899489557681">
        <time>2026-08-22T12:47:27Z</time>
        <extensions>
          <gpxtpx:TrackPointExtension>
            <gpxtpx:hr>153</gpxtpx:hr>
          </gpxtpx:TrackPointExtension>
        </extensions>
      </trkpt>
      <trkpt lat="22.557044180620967" lon="113.88899489652502">
        <time>2026-08-22T12:47:28Z</time>
        <extensions>
          <gpxtpx:TrackPointExtension>
            <gpxtpx:hr>153</gpxtpx:hr>
          </gpxtpx:TrackPointExtension>
        </extensions>
      </trkpt>
      <trkpt lat="22.557043191347567" lon="113.88902592976791">
        <time>2026-08-22T12:47:29Z</time>
        <extensions>
          <gpxtpx:TrackPointExtension>
            <gpxtpx:hr>153</gpxtpx:hr>
          </gpxtpx:TrackPointExtension>
        </extensions>
      </trkpt>
      <trkpt lat="22.557046196236264" lon="113.88904094561758">
        <time>2026-08-22T12:47:30Z</time>
        <extensions>
          <gpxtpx:TrackPointExtension>
            <gpxtpx:hr>153</gpxtpx:hr>
          </gpxtpx:TrackPointExtension>
        </extensions>
      </trkpt>
      <trkpt lat="22.557046190414784" lon="113.88902392743893">
        <time>2026-08-22T12:47:31Z</time>
        <extensions>
          <gpxtpx:TrackPointExtension>
            <gpxtpx:hr>139</gpxtpx:hr>
          </gpxtpx:TrackPointExtension>
        </extensions>
      </trkpt>
      <trkpt lat="22.55705619541194" lon="113.88904094498545">
        <time>2026-08-22T12:47:32Z</time>
        <extensions>
          <gpxtpx:TrackPointExtension>
            <gpxtpx:hr>139</gpxtpx:hr>
          </gpxtpx:TrackPointExtension>
        </extensions>
      </trkpt>
      <trkpt lat="22.557061198760124" lon="113.88905195642519">
        <time>2026-08-22T12:47:33Z</time>
        <extensions>
          <gpxtpx:TrackPointExtension>
            <gpxtpx:hr>139</gpxtpx:hr>
          </gpxtpx:TrackPointExtension>
        </extensions>
      </trkpt>
      <trkpt lat="22.557077204605697" lon="113.8890729778417">
        <time>2026-08-22T12:47:34Z</time>
        <extensions>
          <gpxtpx:TrackPointExtension>
            <gpxtpx:hr>139</gpxtpx:hr>
          </gpxtpx:TrackPointExtension>
        </extensions>
      </trkpt>
      <trkpt lat="22.55708019787658" lon="113.889053957361">
        <time>2026-08-22T12:47:35Z</time>
        <extensions>
          <gpxtpx:TrackPointExtension>
            <gpxtpx:hr>139</gpxtpx:hr>
          </gpxtpx:TrackPointExtension>
        </extensions>
      </trkpt>
      <trkpt lat="22.55708019787658" lon="113.889053957361">
        <time>2026-08-22T12:48:08Z</time>
        <extensions>
          <gpxtpx:TrackPointExtension>
            <gpxtpx:hr>138</gpxtpx:hr>
          </gpxtpx:TrackPointExtension>
        </extensions>
      </trkpt>
      <trkpt lat="22.555721468503286" lon="113.88953655303706">
        <time>2026-08-22T13:12:28Z</time>
      </trkpt>
      <trkpt lat="22.555704463117625" lon="113.88951553211771">
        <time>2026-08-22T13:12:29Z</time>
      </trkpt>
      <trkpt lat="22.55568945852087" lon="113.88949751419823">
        <time>2026-08-22T13:12:30Z</time>
      </trkpt>
      <trkpt lat="22.55567045520373" lon="113.88948249966512">
        <time>2026-08-22T13:12:31Z</time>
      </trkpt>
      <trkpt lat="22.555658449366273" lon="113.88946147837906">
        <time>2026-08-22T13:12:32Z</time>
      </trkpt>
      <trkpt lat="22.555649451713627" lon="113.88946648419841">
        <time>2026-08-22T13:12:33Z</time>
      </trkpt>
      <trkpt lat="22.555631449594674" lon="113.88945547378358">
        <time>2026-08-22T13:12:34Z</time>
      </trkpt>
      <trkpt lat="22.555637442933644" lon="113.88943645343723">
        <time>2026-08-22T13:12:35Z</time>
      </trkpt>
      <trkpt lat="22.555620434191713" lon="113.88940542189917">
        <time>2026-08-22T13:12:36Z</time>
      </trkpt>
      <trkpt lat="22.555607431313895" lon="113.88939341008512">
        <time>2026-08-22T13:12:37Z</time>
      </trkpt>
      <trkpt lat="22.55559042514313" lon="113.88937038692318">
        <time>2026-08-22T13:12:38Z</time>
      </trkpt>
      <trkpt lat="22.555564422964824" lon="113.88935737485723">
        <time>2026-08-22T13:12:39Z</time>
      </trkpt>
      <trkpt lat="22.55554541856784" lon="113.88933935706359">
        <time>2026-08-22T13:12:40Z</time>
      </trkpt>
      <trkpt lat="22.555530412513264" lon="113.88931733477645">
        <time>2026-08-22T13:12:41Z</time>
      </trkpt>
      <trkpt lat="22.555497403241166" lon="113.8892812987944">
        <time>2026-08-22T13:12:42Z</time>
      </trkpt>
      <trkpt lat="22.555475394363132" lon="113.8892492662983">
        <time>2026-08-22T13:12:43Z</time>
      </trkpt>
      <trkpt lat="22.555451394957867" lon="113.88924526357624">
        <time>2026-08-22T13:12:44Z</time>
      </trkpt>
      <trkpt lat="22.55543238846702" lon="113.88922123932791">
        <time>2026-08-22T13:12:45Z</time>
      </trkpt>
      <trkpt lat="22.55541738163038" lon="113.8891972148011">
        <time>2026-08-22T13:12:46Z</time>
      </trkpt>
      <trkpt lat="22.55537738417002" lon="113.88919521520535">
        <time>2026-08-22T13:12:47Z</time>
      </trkpt>
      <trkpt lat="22.5553603761197" lon="113.88916718652416">
        <time>2026-08-22T13:12:48Z</time>
      </trkpt>
      <trkpt lat="22.55534137056142" lon="113.8891461653854">
        <time>2026-08-22T13:12:49Z</time>
      </trkpt>
      <trkpt lat="22.55533636386166" lon="113.88912514334206">
        <time>2026-08-22T13:12:50Z</time>
      </trkpt>
      <trkpt lat="22.555326357544303" lon="113.88910412159512">
        <time>2026-08-22T13:12:51Z</time>
      </trkpt>
      <trkpt lat="22.555305353451065" lon="113.88908710479176">
        <time>2026-08-22T13:12:52Z</time>
      </trkpt>
      <trkpt lat="22.555297341135894" lon="113.88904906472332">
        <time>2026-08-22T13:12:53Z</time>
      </trkpt>
      <trkpt lat="22.55526533856872" lon="113.8890340507122">
        <time>2026-08-22T13:12:54Z</time>
      </trkpt>
      <trkpt lat="22.555254329503136" lon="113.88900502038041">
        <time>2026-08-22T13:12:55Z</time>
      </trkpt>
      <trkpt lat="22.55523232438445" lon="113.8889850003512">
        <time>2026-08-22T13:12:56Z</time>
      </trkpt>
      <trkpt lat="22.55520432145433" lon="113.88896998604453">
        <time>2026-08-22T13:12:57Z</time>
      </trkpt>
      <trkpt lat="22.555183317608165" lon="113.88895397021257">
        <time>2026-08-22T13:12:58Z</time>
      </trkpt>
      <trkpt lat="22.55516931284453" lon="113.88893695285321">
        <time>2026-08-22T13:12:59Z</time>
      </trkpt>
      <trkpt lat="22.555141308840614" lon="113.88891893529158">
        <time>2026-08-22T13:13:00Z</time>
      </trkpt>
      <trkpt lat="22.555125306993027" lon="113.88890992663177">
        <time>2026-08-22T13:13:01Z</time>
      </trkpt>
      <trkpt lat="22.555110293207655" lon="113.88886688132357">
        <time>2026-08-22T13:13:02Z</time>
      </trkpt>
      <trkpt lat="22.555090287109206" lon="113.88884485888994">
        <time>2026-08-22T13:13:03Z</time>
      </trkpt>
      <trkpt lat="22.55507128512157" lon="113.88883484931206">
        <time>2026-08-22T13:13:04Z</time>
      </trkpt>
      <trkpt lat="22.55506327803478" lon="113.8888128260886">
        <time>2026-08-22T13:13:05Z</time>
      </trkpt>
      <trkpt lat="22.555049273521075" lon="113.88879680970246">
        <time>2026-08-22T13:13:06Z</time>
      </trkpt>
      <trkpt lat="22.55504325916705" lon="113.88875476469104">
        <time>2026-08-22T13:13:07Z</time>
      </trkpt>
      <trkpt lat="22.555027255483132" lon="113.88874075055475">
        <time>2026-08-22T13:13:08Z</time>
      </trkpt>
      <trkpt lat="22.554961258972533" lon="113.88873574931462">
        <time>2026-08-22T13:13:09Z</time>
      </trkpt>
      <trkpt lat="22.55494424253334" lon="113.88868569620827">
        <time>2026-08-22T13:13:10Z</time>
      </trkpt>
      <trkpt lat="22.554938232284965" lon="113.88865566402569">
        <time>2026-08-22T13:13:11Z</time>
      </trkpt>
      <trkpt lat="22.55491323248491" lon="113.88865066017509">
        <time>2026-08-22T13:13:12Z</time>
      </trkpt>
      <trkpt lat="22.554918227065276" lon="113.88863664464672">
        <time>2026-08-22T13:13:13Z</time>
      </trkpt>
      <trkpt lat="22.554907221832824" lon="113.88861962685824">
        <time>2026-08-22T13:13:14Z</time>
      </trkpt>
      <trkpt lat="22.554890216344976" lon="113.88860060725928">
        <time>2026-08-22T13:13:15Z</time>
      </trkpt>
      <trkpt lat="22.554877209077965" lon="113.88857758303372">
        <time>2026-08-22T13:13:16Z</time>
      </trkpt>
      <trkpt lat="22.554854206568063" lon="113.88856557141011">
        <time>2026-08-22T13:13:17Z</time>
      </trkpt>
      <trkpt lat="22.55483419691922" lon="113.88853453886128">
        <time>2026-08-22T13:13:18Z</time>
      </trkpt>
      <trkpt lat="22.55482319197716" lon="113.88851852208803">
        <time>2026-08-22T13:13:19Z</time>
      </trkpt>
      <trkpt lat="22.55480418911815" lon="113.88850651018016">
        <time>2026-08-22T13:13:20Z</time>
      </trkpt>
      <trkpt lat="22.554784180854142" lon="113.88847948192607">
        <time>2026-08-22T13:13:21Z</time>
      </trkpt>
      <trkpt lat="22.554784174634417" lon="113.88846246332388">
        <time>2026-08-22T13:13:22Z</time>
      </trkpt>
      <trkpt lat="22.554767170120332" lon="113.88844644687882">
        <time>2026-08-22T13:13:23Z</time>
      </trkpt>
      <trkpt lat="22.554734157663965" lon="113.8884054040189">
        <time>2026-08-22T13:13:24Z</time>
      </trkpt>
      <trkpt lat="22.554712154984372" lon="113.88839339224054">
        <time>2026-08-22T13:13:25Z</time>
      </trkpt>
      <trkpt lat="22.554688153565436" lon="113.88838438387671">
        <time>2026-08-22T13:13:26Z</time>
      </trkpt>
      <trkpt lat="22.55467614860062" lon="113.8883683670603">
        <time>2026-08-22T13:13:27Z</time>
      </trkpt>
      <trkpt lat="22.554646158004882" lon="113.88838738982562">
        <time>2026-08-22T13:13:28Z</time>
      </trkpt>
      <trkpt lat="22.55463416190966" lon="113.88839539936633">
        <time>2026-08-22T13:13:29Z</time>
      </trkpt>
      <trkpt lat="22.55462516040824" lon="113.88838939334889">
        <time>2026-08-22T13:13:30Z</time>
      </trkpt>
      <trkpt lat="22.554605164576984" lon="113.88839640229703">
        <time>2026-08-22T13:13:31Z</time>
      </trkpt>
      <trkpt lat="22.55458816813684" lon="113.88840240995611">
        <time>2026-08-22T13:13:32Z</time>
      </trkpt>
      <trkpt lat="22.554579169587047" lon="113.8884044127195">
        <time>2026-08-22T13:13:33Z</time>
      </trkpt>
      <trkpt lat="22.55456117285509" lon="113.88840941934271">
        <time>2026-08-22T13:13:34Z</time>
      </trkpt>
      <trkpt lat="22.554545176331565" lon="113.88841542693511">
        <time>2026-08-22T13:13:35Z</time>
      </trkpt>
      <trkpt lat="22.554579167743345" lon="113.88839940723297">
        <time>2026-08-22T13:13:36Z</time>
      </trkpt>
      <trkpt lat="22.55457516916648" lon="113.88840241077786">
        <time>2026-08-22T13:13:37Z</time>
      </trkpt>
      <trkpt lat="22.5545711702206" lon="113.88840441322517">
        <time>2026-08-22T13:13:38Z</time>
      </trkpt>
      <trkpt lat="22.554556169195727" lon="113.88839840758939">
        <time>2026-08-22T13:13:39Z</time>
      </trkpt>
      <trkpt lat="22.55447014151303" lon="113.88830531077032">
        <time>2026-08-22T13:13:40Z</time>
      </trkpt>
      <trkpt lat="22.5544461333304" lon="113.88827828252866">
        <time>2026-08-22T13:13:41Z</time>
      </trkpt>
      <trkpt lat="22.55442813923623" lon="113.88829029689656">
        <time>2026-08-22T13:13:42Z</time>
      </trkpt>
      <trkpt lat="22.554423151186064" lon="113.88832133136086">
        <time>2026-08-22T13:13:43Z</time>
      </trkpt>
      <trkpt lat="22.554428148185405" lon="113.88831432333762">
        <time>2026-08-22T13:13:44Z</time>
      </trkpt>
      <trkpt lat="22.554424146638972" lon="113.88830931808401">
        <time>2026-08-22T13:13:45Z</time>
      </trkpt>
      <trkpt lat="22.554423147835553" lon="113.88831232145124">
        <time>2026-08-22T13:13:46Z</time>
      </trkpt>
      <trkpt lat="22.55441414854646" lon="113.88831232202014">
        <time>2026-08-22T13:13:47Z</time>
      </trkpt>
      <trkpt lat="22.554404151198042" lon="113.88831732815804">
        <time>2026-08-22T13:13:48Z</time>
      </trkpt>
      <trkpt lat="22.554361152730767" lon="113.88831232537035">
        <time>2026-08-22T13:13:49Z</time>
      </trkpt>
      <trkpt lat="22.554327165454527" lon="113.88833935723761">
        <time>2026-08-22T13:13:50Z</time>
      </trkpt>
      <trkpt lat="22.55431116300077" lon="113.88832934724606">
        <time>2026-08-22T13:13:51Z</time>
      </trkpt>
      <trkpt lat="22.5542981710816" lon="113.88834836896957">
        <time>2026-08-22T13:13:52Z</time>
      </trkpt>
      <trkpt lat="22.554282170858546" lon="113.88834436558191">
        <time>2026-08-22T13:13:53Z</time>
      </trkpt>
      <trkpt lat="22.554280171016163" lon="113.88834436570833">
        <time>2026-08-22T13:13:54Z</time>
      </trkpt>
      <trkpt lat="22.55427217016172" lon="113.88834036181426">
        <time>2026-08-22T13:13:55Z</time>
      </trkpt>
      <trkpt lat="22.554278164858474" lon="113.88832734713091">
        <time>2026-08-22T13:13:56Z</time>
      </trkpt>
      <trkpt lat="22.554218180721005" lon="113.8883573839217">
        <time>2026-08-22T13:13:57Z</time>
      </trkpt>
      <trkpt lat="22.554171193302004" lon="113.8883814132624">
        <time>2026-08-22T13:13:58Z</time>
      </trkpt>
      <trkpt lat="22.554186191012896" lon="113.88837840901942">
        <time>2026-08-22T13:13:59Z</time>
      </trkpt>
      <trkpt lat="22.554186203559283" lon="113.88841244633745">
        <time>2026-08-22T13:14:00Z</time>
      </trkpt>
      <trkpt lat="22.55416521256913" lon="113.88843246959271">
        <time>2026-08-22T13:14:01Z</time>
      </trkpt>
      <trkpt lat="22.55414321980667" lon="113.8884474874176">
        <time>2026-08-22T13:14:02Z</time>
      </trkpt>
      <trkpt lat="22.554131226614324" lon="113.88846350569499">
        <time>2026-08-22T13:14:03Z</time>
      </trkpt>
      <trkpt lat="22.554111236597436" lon="113.88848653212268">
        <time>2026-08-22T13:14:04Z</time>
      </trkpt>
      <trkpt lat="22.554064248678657" lon="113.88850956023354">
        <time>2026-08-22T13:14:05Z</time>
      </trkpt>
      <trkpt lat="22.554029243037203" lon="113.88848653730585">
        <time>2026-08-22T13:14:06Z</time>
      </trkpt>
      <trkpt lat="22.55396925758943" lon="113.88851357060821">
        <time>2026-08-22T13:14:07Z</time>
      </trkpt>
      <trkpt lat="22.553955261234574" lon="113.88852057913854">
        <time>2026-08-22T13:14:08Z</time>
      </trkpt>
      <trkpt lat="22.553940275480112" lon="113.88855661937157">
        <time>2026-08-22T13:14:09Z</time>
      </trkpt>
      <trkpt lat="22.553925282446937" lon="113.8885726377612">
        <time>2026-08-22T13:14:10Z</time>
      </trkpt>
      <trkpt lat="22.55390429384085" lon="113.88859966849535">
        <time>2026-08-22T13:14:11Z</time>
      </trkpt>
      <trkpt lat="22.55388529713066" lon="113.88860467513845">
        <time>2026-08-22T13:14:12Z</time>
      </trkpt>
      <trkpt lat="22.553860303767944" lon="113.88861769086303">
        <time>2026-08-22T13:14:13Z</time>
      </trkpt>
      <trkpt lat="22.553829305113876" lon="113.88861468955906">
        <time>2026-08-22T13:14:14Z</time>
      </trkpt>
      <trkpt lat="22.553827304910403" lon="113.88861368859757">
        <time>2026-08-22T13:14:15Z</time>
      </trkpt>
      <trkpt lat="22.5538123114777" lon="113.88862870585947">
        <time>2026-08-22T13:14:16Z</time>
      </trkpt>
      <trkpt lat="22.553862295325917" lon="113.88859466570683">
        <time>2026-08-22T13:14:17Z</time>
      </trkpt>
      <trkpt lat="22.55383230163856" lon="113.88860567957677">
        <time>2026-08-22T13:14:18Z</time>
      </trkpt>
      <trkpt lat="22.55384230049599" lon="113.8886046778564">
        <time>2026-08-22T13:14:19Z</time>
      </trkpt>
      <trkpt lat="22.553826304268682" lon="113.88861168648486">
        <time>2026-08-22T13:14:20Z</time>
      </trkpt>
      <trkpt lat="22.553795312806844" lon="113.88862870693401">
        <time>2026-08-22T13:14:21Z</time>
      </trkpt>
      <trkpt lat="22.55377331524487" lon="113.888630710499">
        <time>2026-08-22T13:14:22Z</time>
      </trkpt>
      <trkpt lat="22.55373932471865" lon="113.88864973329615">
        <time>2026-08-22T13:14:23Z</time>
      </trkpt>
      <trkpt lat="22.553704333180825" lon="113.88866575288384">
        <time>2026-08-22T13:14:24Z</time>
      </trkpt>
      <trkpt lat="22.553690337491588" lon="113.88867476353741">
        <time>2026-08-22T13:14:25Z</time>
      </trkpt>
      <trkpt lat="22.55368633673139" lon="113.88867176053442">
        <time>2026-08-22T13:14:26Z</time>
      </trkpt>
      <trkpt lat="22.553687334507565" lon="113.88866575395836">
        <time>2026-08-22T13:14:27Z</time>
      </trkpt>
      <trkpt lat="22.55368633387" lon="113.88866375185026">
        <time>2026-08-22T13:14:28Z</time>
      </trkpt>
      <trkpt lat="22.553679334058323" lon="113.888662751207">
        <time>2026-08-22T13:14:29Z</time>
      </trkpt>
      <trkpt lat="22.55369133919994" lon="113.88867976889969">
        <time>2026-08-22T13:14:30Z</time>
      </trkpt>
      <trkpt lat="22.553676341441687" lon="113.88868277310257">
        <time>2026-08-22T13:14:31Z</time>
      </trkpt>
      <trkpt lat="22.553670343694492" lon="113.88868777890552">
        <time>2026-08-22T13:14:32Z</time>
      </trkpt>
      <trkpt lat="22.55366734535554" lon="113.8886917834333">
        <time>2026-08-22T13:14:33Z</time>
      </trkpt>
      <trkpt lat="22.55366836837305" lon="113.88875685376574">
        <time>2026-08-22T13:14:34Z</time>
      </trkpt>
      <trkpt lat="22.553674384846893" lon="113.88880490525045">
        <time>2026-08-22T13:14:35Z</time>
      </trkpt>
      <trkpt lat="22.55366539468567" lon="113.88883093386953">
        <time>2026-08-22T13:14:36Z</time>
      </trkpt>
      <trkpt lat="22.553666407910484" lon="113.88886897474872">
        <time>2026-08-22T13:14:37Z</time>
      </trkpt>
      <trkpt lat="22.553677419251557" lon="113.88890401170673">
        <time>2026-08-22T13:14:38Z</time>
      </trkpt>
      <trkpt lat="22.553678429242655" lon="113.88893304280066">
        <time>2026-08-22T13:14:39Z</time>
      </trkpt>
      <trkpt lat="22.553680437047465" lon="113.88895606735848">
        <time>2026-08-22T13:14:40Z</time>
      </trkpt>
      <trkpt lat="22.553695443126248" lon="113.88897708892762">
        <time>2026-08-22T13:14:41Z</time>
      </trkpt>
      <trkpt lat="22.553660478080044" lon="113.88907119169048">
        <time>2026-08-22T13:14:42Z</time>
      </trkpt>
      <trkpt lat="22.55366548857523" lon="113.88910322551467">
        <time>2026-08-22T13:14:43Z</time>
      </trkpt>
      <trkpt lat="22.55367949832537" lon="113.88913525872442">
        <time>2026-08-22T13:14:44Z</time>
      </trkpt>
      <trkpt lat="22.553718508101063" lon="113.88917329668753">
        <time>2026-08-22T13:14:45Z</time>
      </trkpt>
      <trkpt lat="22.553714516143174" lon="113.88919632137869">
        <time>2026-08-22T13:14:46Z</time>
      </trkpt>
      <trkpt lat="22.553710524163105" lon="113.88921934604627">
        <time>2026-08-22T13:14:47Z</time>
      </trkpt>
      <trkpt lat="22.553709534261333" lon="113.88924937791936">
        <time>2026-08-22T13:14:48Z</time>
      </trkpt>
      <trkpt lat="22.553591581196116" lon="113.88936350588862">
        <time>2026-08-22T13:14:49Z</time>
      </trkpt>
      <trkpt lat="22.553588592577896" lon="113.88939754190788">
        <time>2026-08-22T13:14:50Z</time>
      </trkpt>
      <trkpt lat="22.553578604130667" lon="113.88943057726635">
        <time>2026-08-22T13:14:51Z</time>
      </trkpt>
      <trkpt lat="22.553663596201766" lon="113.88942656768751">
        <time>2026-08-22T13:14:52Z</time>
      </trkpt>
      <trkpt lat="22.553646606962634" lon="113.88945559924419">
        <time>2026-08-22T13:14:53Z</time>
      </trkpt>
      <trkpt lat="22.553628620998882" lon="113.88949464131593">
        <time>2026-08-22T13:14:54Z</time>
      </trkpt>
      <trkpt lat="22.55369365662398" lon="113.88962177003495">
        <time>2026-08-22T13:14:55Z</time>
      </trkpt>
      <trkpt lat="22.55369966946479" lon="113.88966381342411">
        <time>2026-08-22T13:14:56Z</time>
      </trkpt>
      <trkpt lat="22.553697682855816" lon="113.88970585723995">
        <time>2026-08-22T13:14:57Z</time>
      </trkpt>
      <trkpt lat="22.55371069281355" lon="113.8897408927659">
        <time>2026-08-22T13:14:58Z</time>
      </trkpt>
      <trkpt lat="22.553698708714364" lon="113.8897889432832">
        <time>2026-08-22T13:14:59Z</time>
      </trkpt>
      <trkpt lat="22.55370372010197" lon="113.88982698228646">
        <time>2026-08-22T13:15:00Z</time>
      </trkpt>
      <trkpt lat="22.5537417230011" lon="113.88984599952026">
        <time>2026-08-22T13:15:01Z</time>
      </trkpt>
      <trkpt lat="22.553736734157884" lon="113.88988103596435">
        <time>2026-08-22T13:15:02Z</time>
      </trkpt>
      <trkpt lat="22.553737749065924" lon="113.88993008638826">
        <time>2026-08-22T13:15:03Z</time>
      </trkpt>
      <trkpt lat="22.553773768995626" lon="113.89000516118081">
        <time>2026-08-22T13:15:04Z</time>
      </trkpt>
      <trkpt lat="22.55376577203259" lon="113.89001316989207">
        <time>2026-08-22T13:15:05Z</time>
      </trkpt>
      <trkpt lat="22.5537707746529" lon="113.89002317982913">
        <time>2026-08-22T13:15:06Z</time>
      </trkpt>
      <trkpt lat="22.553842761487836" lon="113.88999814963778">
        <time>2026-08-22T13:15:07Z</time>
      </trkpt>
      <trkpt lat="22.55384176759651" lon="113.89001817021605">
        <time>2026-08-22T13:15:08Z</time>
      </trkpt>
      <trkpt lat="22.553845773597374" lon="113.89003919148476">
        <time>2026-08-22T13:15:09Z</time>
      </trkpt>
      <trkpt lat="22.553848778160695" lon="113.89005520767924">
        <time>2026-08-22T13:15:10Z</time>
      </trkpt>
      <trkpt lat="22.553854782777307" lon="113.89007222469552">
        <time>2026-08-22T13:15:11Z</time>
      </trkpt>
      <trkpt lat="22.553925760718993" lon="113.89001716388202">
        <time>2026-08-22T13:15:12Z</time>
      </trkpt>
      <trkpt lat="22.55393172166405" lon="113.88989003292166">
        <time>2026-08-22T13:15:13Z</time>
      </trkpt>
      <trkpt lat="22.553936726170754" lon="113.88990604909664">
        <time>2026-08-22T13:15:14Z</time>
      </trkpt>
      <trkpt lat="22.553945732183276" lon="113.88992807118422">
        <time>2026-08-22T13:15:15Z</time>
      </trkpt>
      <trkpt lat="22.554034740394968" lon="113.88997811697051">
        <time>2026-08-22T13:15:16Z</time>
      </trkpt>
      <trkpt lat="22.554142730093155" lon="113.88997210398155">
        <time>2026-08-22T13:15:17Z</time>
      </trkpt>
      <trkpt lat="22.554099746765917" lon="113.89001615185998">
        <time>2026-08-22T13:15:18Z</time>
      </trkpt>
      <trkpt lat="22.554122750673283" lon="113.89003516988085">
        <time>2026-08-22T13:15:19Z</time>
      </trkpt>
      <trkpt lat="22.554170737868343" lon="113.89000513609074">
        <time>2026-08-22T13:15:20Z</time>
      </trkpt>
      <trkpt lat="22.554145716482797" lon="113.88992805854424">
        <time>2026-08-22T13:15:21Z</time>
      </trkpt>
      <trkpt lat="22.554154720039403" lon="113.88994207238184">
        <time>2026-08-22T13:15:22Z</time>
      </trkpt>
      <trkpt lat="22.554173712145275" lon="113.88992104956814">
        <time>2026-08-22T13:15:23Z</time>
      </trkpt>
      <trkpt lat="22.554223702097993" lon="113.88990102580601">
        <time>2026-08-22T13:15:24Z</time>
      </trkpt>
      <trkpt lat="22.554232698020456" lon="113.8898900138984">
        <time>2026-08-22T13:15:25Z</time>
      </trkpt>
      <trkpt lat="22.554232698939742" lon="113.88989301699135">
        <time>2026-08-22T13:15:26Z</time>
      </trkpt>
      <trkpt lat="22.554211705795275" lon="113.88991003583759">
        <time>2026-08-22T13:15:27Z</time>
      </trkpt>
      <trkpt lat="22.554212705105172" lon="113.889908033714">
        <time>2026-08-22T13:15:28Z</time>
      </trkpt>
      <trkpt lat="22.554215705174716" lon="113.8899090345546">
        <time>2026-08-22T13:15:29Z</time>
      </trkpt>
      <trkpt lat="22.554206705577474" lon="113.8899080340932">
        <time>2026-08-22T13:15:30Z</time>
      </trkpt>
      <trkpt lat="22.554214700050593" lon="113.889892017098">
        <time>2026-08-22T13:15:31Z</time>
      </trkpt>
      <trkpt lat="22.554215695371017" lon="113.88987700156541">
        <time>2026-08-22T13:15:32Z</time>
      </trkpt>
      <trkpt lat="22.5541976995495" lon="113.88988601198587">
        <time>2026-08-22T13:15:33Z</time>
      </trkpt>
      <trkpt lat="22.554207696614768" lon="113.88987900413419">
        <time>2026-08-22T13:15:34Z</time>
      </trkpt>
      <trkpt lat="22.554209697071165" lon="113.88988100607077">
        <time>2026-08-22T13:15:35Z</time>
      </trkpt>
      <trkpt lat="22.554219692598448" lon="113.88986899305813">
        <time>2026-08-22T13:15:36Z</time>
      </trkpt>
      <trkpt lat="22.554230687116963" lon="113.88985397687807">
        <time>2026-08-22T13:15:37Z</time>
      </trkpt>
      <trkpt lat="22.554238684021556" lon="113.88984596810974">
        <time>2026-08-22T13:15:38Z</time>
      </trkpt>
      <trkpt lat="22.554204686081697" lon="113.88984396819244">
        <time>2026-08-22T13:15:39Z</time>
      </trkpt>
      <trkpt lat="22.55421168275313" lon="113.88983495845024">
        <time>2026-08-22T13:15:40Z</time>
      </trkpt>
      <trkpt lat="22.55418168758324" lon="113.88984296861294">
        <time>2026-08-22T13:15:41Z</time>
      </trkpt>
      <trkpt lat="22.554184684878084" lon="113.88983496015666">
        <time>2026-08-22T13:15:42Z</time>
      </trkpt>
      <trkpt lat="22.554188680854622" lon="113.8898229474985">
        <time>2026-08-22T13:15:43Z</time>
      </trkpt>
      <trkpt lat="22.55416567150162" lon="113.88978691169734">
        <time>2026-08-22T13:15:44Z</time>
      </trkpt>
      <trkpt lat="22.554149656540122" lon="113.88973485879362">
        <time>2026-08-22T13:15:45Z</time>
      </trkpt>
      <trkpt lat="22.5541546511333" lon="113.88971884186407">
        <time>2026-08-22T13:15:46Z</time>
      </trkpt>
      <trkpt lat="22.554151644772524" lon="113.88969782023096">
        <time>2026-08-22T13:15:47Z</time>
      </trkpt>
      <trkpt lat="22.55413664626654" lon="113.8896988222186">
        <time>2026-08-22T13:15:48Z</time>
      </trkpt>
      <trkpt lat="22.554139640992833" lon="113.88968280538965">
        <time>2026-08-22T13:15:49Z</time>
      </trkpt>
      <trkpt lat="22.554138641701773" lon="113.88968480753341">
        <time>2026-08-22T13:15:50Z</time>
      </trkpt>
      <trkpt lat="22.554140631122774" lon="113.88965177305514">
        <time>2026-08-22T13:15:51Z</time>
      </trkpt>
      <trkpt lat="22.55414163072762" lon="113.8896507719502">
        <time>2026-08-22T13:15:52Z</time>
      </trkpt>
      <trkpt lat="22.554143623913625" lon="113.8896297499372">
        <time>2026-08-22T13:15:53Z</time>
      </trkpt>
      <trkpt lat="22.554149618039453" lon="113.88961273182582">
        <time>2026-08-22T13:15:54Z</time>
      </trkpt>
      <trkpt lat="22.554081634493105" lon="113.88964777261687">
        <time>2026-08-22T13:15:55Z</time>
      </trkpt>
      <trkpt lat="22.554085627201935" lon="113.8896257494318">
        <time>2026-08-22T13:15:56Z</time>
      </trkpt>
      <trkpt lat="22.554083619405983" lon="113.88960072347255">
        <time>2026-08-22T13:15:57Z</time>
      </trkpt>
      <trkpt lat="22.554090602229614" lon="113.88954866868244">
        <time>2026-08-22T13:15:58Z</time>
      </trkpt>
      <trkpt lat="22.55409359396" lon="113.88952364232111">
        <time>2026-08-22T13:15:59Z</time>
      </trkpt>
      <trkpt lat="22.554096581785927" lon="113.88948660334606">
        <time>2026-08-22T13:16:00Z</time>
      </trkpt>
      <trkpt lat="22.55409957280216" lon="113.88945957481496">
        <time>2026-08-22T13:16:01Z</time>
      </trkpt>
      <trkpt lat="22.553960579488166" lon="113.88944656994265">
        <time>2026-08-22T13:16:02Z</time>
      </trkpt>
      <trkpt lat="22.55396157061638" lon="113.88941954148972">
        <time>2026-08-22T13:16:03Z</time>
      </trkpt>
      <trkpt lat="22.553961559499704" lon="113.88938550569338">
        <time>2026-08-22T13:16:04Z</time>
      </trkpt>
      <trkpt lat="22.553957549635207" lon="113.88935447326338">
        <time>2026-08-22T13:16:05Z</time>
      </trkpt>
      <trkpt lat="22.553954541302847" lon="113.88932844600852">
        <time>2026-08-22T13:16:06Z</time>
      </trkpt>
      <trkpt lat="22.55394653399623" lon="113.88930442115401">
        <time>2026-08-22T13:16:07Z</time>
      </trkpt>
      <trkpt lat="22.553800556327147" lon="113.88933746524525">
        <time>2026-08-22T13:16:08Z</time>
      </trkpt>
      <trkpt lat="22.55378854768665" lon="113.88930843536863">
        <time>2026-08-22T13:16:09Z</time>
      </trkpt>
      <trkpt lat="22.55376555543358" lon="113.88932645584158">
        <time>2026-08-22T13:16:10Z</time>
      </trkpt>
      <trkpt lat="22.553766551721267" lon="113.8893154441572">
        <time>2026-08-22T13:16:11Z</time>
      </trkpt>
      <trkpt lat="22.553763548978484" lon="113.88930643483455">
        <time>2026-08-22T13:16:12Z</time>
      </trkpt>
      <trkpt lat="22.553759546973062" lon="113.88929942768645">
        <time>2026-08-22T13:16:13Z</time>
      </trkpt>
      <trkpt lat="22.55374753861819" lon="113.88927139881936">
        <time>2026-08-22T13:16:14Z</time>
      </trkpt>
      <trkpt lat="22.553745536778926" lon="113.88926539259289">
        <time>2026-08-22T13:16:15Z</time>
      </trkpt>
      <trkpt lat="22.55375053771886" lon="113.8892693965123">
        <time>2026-08-22T13:16:16Z</time>
      </trkpt>
      <trkpt lat="22.553751538638167" lon="113.8892723996252">
        <time>2026-08-22T13:16:17Z</time>
      </trkpt>
      <trkpt lat="22.553754539068553" lon="113.88927440155278">
        <time>2026-08-22T13:16:18Z</time>
      </trkpt>
      <trkpt lat="22.553744539517346" lon="113.88927340112625">
        <time>2026-08-22T13:16:19Z</time>
      </trkpt>
      <trkpt lat="22.55371954047233" lon="113.88927039953036">
        <time>2026-08-22T13:16:20Z</time>
      </trkpt>
      <trkpt lat="22.55370853800401" lon="113.88926038963612">
        <time>2026-08-22T13:16:21Z</time>
      </trkpt>
      <trkpt lat="22.553611540237704" lon="113.88924437881442">
        <time>2026-08-22T13:16:22Z</time>
      </trkpt>
      <trkpt lat="22.553581528192154" lon="113.88920133509434">
        <time>2026-08-22T13:16:23Z</time>
      </trkpt>
      <trkpt lat="22.553591477658564" lon="113.88905417789604">
        <time>2026-08-22T13:16:24Z</time>
      </trkpt>
      <trkpt lat="22.553613468077717" lon="113.88903115192169">
        <time>2026-08-22T13:16:25Z</time>
      </trkpt>
      <trkpt lat="22.5536034702267" lon="113.88903515683086">
        <time>2026-08-22T13:16:26Z</time>
      </trkpt>
      <trkpt lat="22.55359846581946" lon="113.88902114217376">
        <time>2026-08-22T13:16:27Z</time>
      </trkpt>
      <trkpt lat="22.553585465460227" lon="113.88901713871577">
        <time>2026-08-22T13:16:28Z</time>
      </trkpt>
      <trkpt lat="22.55359045407036" lon="113.88898510413698">
        <time>2026-08-22T13:16:29Z</time>
      </trkpt>
      <trkpt lat="22.553583448409146" lon="113.88896708528657">
        <time>2026-08-22T13:16:30Z</time>
      </trkpt>
      <trkpt lat="22.553575445232728" lon="113.88895607399503">
        <time>2026-08-22T13:16:31Z</time>
      </trkpt>
      <trkpt lat="22.55357643892649" lon="113.88893805461575">
        <time>2026-08-22T13:16:32Z</time>
      </trkpt>
      <trkpt lat="22.553565442553" lon="113.8889460638977">
        <time>2026-08-22T13:16:33Z</time>
      </trkpt>
      <trkpt lat="22.55357442623699" lon="113.8889010149916">
        <time>2026-08-22T13:16:34Z</time>
      </trkpt>
      <trkpt lat="22.553579419229095" lon="113.88888199423947">
        <time>2026-08-22T13:16:35Z</time>
      </trkpt>
      <trkpt lat="22.553580419848593" lon="113.88888399632819">
        <time>2026-08-22T13:16:36Z</time>
      </trkpt>
      <trkpt lat="22.553577419036117" lon="113.88888099328986">
        <time>2026-08-22T13:16:37Z</time>
      </trkpt>
      <trkpt lat="22.553568430181617" lon="113.88891102612024">
        <time>2026-08-22T13:16:38Z</time>
      </trkpt>
      <trkpt lat="22.553538462593753" lon="113.88899812134838">
        <time>2026-08-22T13:16:39Z</time>
      </trkpt>
      <trkpt lat="22.553542461594535" lon="113.88899611895377">
        <time>2026-08-22T13:16:40Z</time>
      </trkpt>
      <trkpt lat="22.553540471707766" lon="113.88902515011854">
        <time>2026-08-22T13:16:41Z</time>
      </trkpt>
      <trkpt lat="22.553541471287147" lon="113.88902414898568">
        <time>2026-08-22T13:16:42Z</time>
      </trkpt>
      <trkpt lat="22.5535434813966" lon="113.88905418092986">
        <time>2026-08-22T13:16:43Z</time>
      </trkpt>
      <trkpt lat="22.55353851606821" lon="113.88915528892213">
        <time>2026-08-22T13:16:44Z</time>
      </trkpt>
      <trkpt lat="22.553515540364245" lon="113.88922236155372">
        <time>2026-08-22T13:16:45Z</time>
      </trkpt>
      <trkpt lat="22.5535165513024" lon="113.88925539647474">
        <time>2026-08-22T13:16:46Z</time>
      </trkpt>
      <trkpt lat="22.553522561805853" lon="113.88928843103115">
        <time>2026-08-22T13:16:47Z</time>
      </trkpt>
      <trkpt lat="22.55351656293613" lon="113.88929043352613">
        <time>2026-08-22T13:16:48Z</time>
      </trkpt>
      <trkpt lat="22.55354457134857" lon="113.88932246558416">
        <time>2026-08-22T13:16:49Z</time>
      </trkpt>
      <trkpt lat="22.553556576023656" lon="113.88933948277811">
        <time>2026-08-22T13:16:50Z</time>
      </trkpt>
      <trkpt lat="22.553595596935384" lon="113.88941255725625">
        <time>2026-08-22T13:16:51Z</time>
      </trkpt>
      <trkpt lat="22.553601600709385" lon="113.88942557055427">
        <time>2026-08-22T13:16:52Z</time>
      </trkpt>
      <trkpt lat="22.553615601899313" lon="113.88943257703096">
        <time>2026-08-22T13:16:53Z</time>
      </trkpt>
      <trkpt lat="22.553617605648842" lon="113.88944458951924">
        <time>2026-08-22T13:16:54Z</time>
      </trkpt>
      <trkpt lat="22.55362860869077" lon="113.88945660143226">
        <time>2026-08-22T13:16:55Z</time>
      </trkpt>
      <trkpt lat="22.553638616662614" lon="113.88948362914527">
        <time>2026-08-22T13:16:56Z</time>
      </trkpt>
      <trkpt lat="22.553682644099144" lon="113.88957972688289">
        <time>2026-08-22T13:16:57Z</time>
      </trkpt>
      <trkpt lat="22.55369565773862" lon="113.88962577408036">
        <time>2026-08-22T13:16:58Z</time>
      </trkpt>
      <trkpt lat="22.553701666462988" lon="113.88965480392541">
        <time>2026-08-22T13:16:59Z</time>
      </trkpt>
      <trkpt lat="22.553713672476423" lon="113.88967682607066">
        <time>2026-08-22T13:17:00Z</time>
      </trkpt>
      <trkpt lat="22.55371668011542" lon="113.88970185188165">
        <time>2026-08-22T13:17:01Z</time>
      </trkpt>
      <trkpt lat="22.553722684672028" lon="113.88971786812813">
        <time>2026-08-22T13:17:02Z</time>
      </trkpt>
      <trkpt lat="22.553766682803392" lon="113.8897228705405">
        <time>2026-08-22T13:17:03Z</time>
      </trkpt>
      <trkpt lat="22.55377268515452" lon="113.8897318795062">
        <time>2026-08-22T13:17:04Z</time>
      </trkpt>
      <trkpt lat="22.55378368429485" lon="113.88973187881099">
        <time>2026-08-22T13:17:05Z</time>
      </trkpt>
      <trkpt lat="22.55377169523164" lon="113.88976391276637">
        <time>2026-08-22T13:17:06Z</time>
      </trkpt>
      <trkpt lat="22.55378170595776" lon="113.8898009504612">
        <time>2026-08-22T13:17:07Z</time>
      </trkpt>
      <trkpt lat="22.55379171631744" lon="113.88983698706132">
        <time>2026-08-22T13:17:08Z</time>
      </trkpt>
      <trkpt lat="22.553832730640227" lon="113.88989404330225">
        <time>2026-08-22T13:17:09Z</time>
      </trkpt>
      <trkpt lat="22.55383973712694" lon="113.88991706655789">
        <time>2026-08-22T13:17:10Z</time>
      </trkpt>
      <trkpt lat="22.55384474039699" lon="113.88992907859668">
        <time>2026-08-22T13:17:11Z</time>
      </trkpt>
      <trkpt lat="22.55387874746973" lon="113.88996110936243">
        <time>2026-08-22T13:17:12Z</time>
      </trkpt>
      <trkpt lat="22.55393676406898" lon="113.89003117753734">
        <time>2026-08-22T13:17:13Z</time>
      </trkpt>
      <trkpt lat="22.553963772147206" lon="113.8900652106456">
        <time>2026-08-22T13:17:14Z</time>
      </trkpt>
      <trkpt lat="22.554053778801215" lon="113.8901112519773">
        <time>2026-08-22T13:17:15Z</time>
      </trkpt>
      <trkpt lat="22.55406678697274" lon="113.89014228278927">
        <time>2026-08-22T13:17:16Z</time>
      </trkpt>
      <trkpt lat="22.55410179249127" lon="113.89017030911248">
        <time>2026-08-22T13:17:17Z</time>
      </trkpt>
      <trkpt lat="22.554138800457753" lon="113.89020734442731">
        <time>2026-08-22T13:17:18Z</time>
      </trkpt>
      <trkpt lat="22.55414280336512" lon="113.89021835535684">
        <time>2026-08-22T13:17:19Z</time>
      </trkpt>
      <trkpt lat="22.554145799321006" lon="113.89020534195119">
        <time>2026-08-22T13:17:20Z</time>
      </trkpt>
      <trkpt lat="22.554142801901264" lon="113.89021335027464">
        <time>2026-08-22T13:17:21Z</time>
      </trkpt>
      <trkpt lat="22.55415180060771" lon="113.89021134767266">
        <time>2026-08-22T13:17:22Z</time>
      </trkpt>
      <trkpt lat="22.55416580038529" lon="113.89021434983762">
        <time>2026-08-22T13:17:23Z</time>
      </trkpt>
      <trkpt lat="22.55419879427176" lon="113.89020233555073">
        <time>2026-08-22T13:17:24Z</time>
      </trkpt>
      <trkpt lat="22.55419979741725" lon="113.89021334667233">
        <time>2026-08-22T13:17:25Z</time>
      </trkpt>
      <trkpt lat="22.55421578116623" lon="113.89016229375852">
        <time>2026-08-22T13:17:26Z</time>
      </trkpt>
      <trkpt lat="22.554217780418636" lon="113.89016029159436">
        <time>2026-08-22T13:17:27Z</time>
      </trkpt>
      <trkpt lat="22.55422178039881" lon="113.89016129236046">
        <time>2026-08-22T13:17:28Z</time>
      </trkpt>
      <trkpt lat="22.554223765137884" lon="113.89011024021234">
        <time>2026-08-22T13:17:29Z</time>
      </trkpt>
      <trkpt lat="22.554218754206676" lon="113.89007220169113">
        <time>2026-08-22T13:17:30Z</time>
      </trkpt>
      <trkpt lat="22.554217747701074" lon="113.89005017924">
        <time>2026-08-22T13:17:31Z</time>
      </trkpt>
      <trkpt lat="22.554209743829844" lon="113.8900351643825">
        <time>2026-08-22T13:17:32Z</time>
      </trkpt>
      <trkpt lat="22.55421074345072" lon="113.89003416329473">
        <time>2026-08-22T13:17:33Z</time>
      </trkpt>
      <trkpt lat="22.554221745286863" lon="113.89004317181902">
        <time>2026-08-22T13:17:34Z</time>
      </trkpt>
      <trkpt lat="22.5542207468653" lon="113.89004817700258">
        <time>2026-08-22T13:17:35Z</time>
      </trkpt>
      <trkpt lat="22.554224750145355" lon="113.89006018903409">
        <time>2026-08-22T13:17:36Z</time>
      </trkpt>
      <trkpt lat="22.5542247489477" lon="113.89005618494004">
        <time>2026-08-22T13:17:37Z</time>
      </trkpt>
      <trkpt lat="22.554162739402383" lon="113.89000813967381">
        <time>2026-08-22T13:17:38Z</time>
      </trkpt>
      <trkpt lat="22.554151737854" lon="113.89000013216153">
        <time>2026-08-22T13:17:39Z</time>
      </trkpt>
      <trkpt lat="22.554152740188876" lon="113.89000814030581">
        <time>2026-08-22T13:17:40Z</time>
      </trkpt>
      <trkpt lat="22.554140740227737" lon="113.89000513798673">
        <time>2026-08-22T13:17:41Z</time>
      </trkpt>
      <trkpt lat="22.554153733164092" lon="113.88998511663837">
        <time>2026-08-22T13:17:42Z</time>
      </trkpt>
      <trkpt lat="22.55415473248038" lon="113.88998311452151">
        <time>2026-08-22T13:17:43Z</time>
      </trkpt>
      <trkpt lat="22.554145725306945" lon="113.88995708837633">
        <time>2026-08-22T13:17:44Z</time>
      </trkpt>
      <trkpt lat="22.554169699911903" lon="113.88988000756731">
        <time>2026-08-22T13:17:45Z</time>
      </trkpt>
      <trkpt lat="22.55419066517903" lon="113.88977289561366">
        <time>2026-08-22T13:17:46Z</time>
      </trkpt>
      <trkpt lat="22.554192661281622" lon="113.88976088304857">
        <time>2026-08-22T13:17:47Z</time>
      </trkpt>
      <trkpt lat="22.554198655813313" lon="113.88974486607442">
        <time>2026-08-22T13:17:48Z</time>
      </trkpt>
      <trkpt lat="22.55420464688571" lon="113.88971783766524">
        <time>2026-08-22T13:17:49Z</time>
      </trkpt>
      <trkpt lat="22.554213650252194" lon="113.88973085059642">
        <time>2026-08-22T13:17:50Z</time>
      </trkpt>
      <trkpt lat="22.55421763138633" lon="113.88967178901372">
        <time>2026-08-22T13:17:51Z</time>
      </trkpt>
      <trkpt lat="22.554149671827336" lon="113.88978390960136">
        <time>2026-08-22T13:17:52Z</time>
      </trkpt>
      <trkpt lat="22.55415666099247" lon="113.88975087495332">
        <time>2026-08-22T13:17:53Z</time>
      </trkpt>
      <trkpt lat="22.55415566200795" lon="113.88975387812815">
        <time>2026-08-22T13:17:54Z</time>
      </trkpt>
      <trkpt lat="22.55415266068228" lon="113.8897488731315">
        <time>2026-08-22T13:17:55Z</time>
      </trkpt>
      <trkpt lat="22.554162653952112" lon="113.88972985278151">
        <time>2026-08-22T13:17:56Z</time>
      </trkpt>
      <trkpt lat="22.55416164398605" lon="113.88969781959895">
        <time>2026-08-22T13:17:57Z</time>
      </trkpt>
      <trkpt lat="22.554174632875657" lon="113.88966578548575">
        <time>2026-08-22T13:17:58Z</time>
      </trkpt>
      <trkpt lat="22.554191619502916" lon="113.88962774481803">
        <time>2026-08-22T13:17:59Z</time>
      </trkpt>
      <trkpt lat="22.554033652469663" lon="113.88969282248995">
        <time>2026-08-22T13:18:00Z</time>
      </trkpt>
      <trkpt lat="22.55403965420115" lon="113.88969982938873">
        <time>2026-08-22T13:18:01Z</time>
      </trkpt>
      <trkpt lat="22.554044656637338" lon="113.88970883842691">
        <time>2026-08-22T13:18:02Z</time>
      </trkpt>
      <trkpt lat="22.55405266322265" lon="113.88973186180998">
        <time>2026-08-22T13:18:03Z</time>
      </trkpt>
      <trkpt lat="22.554053660951123" lon="113.88972485447881">
        <time>2026-08-22T13:18:04Z</time>
      </trkpt>
      <trkpt lat="22.554032631045864" lon="113.88962475173861">
        <time>2026-08-22T13:18:05Z</time>
      </trkpt>
      <trkpt lat="22.55403362906079" lon="113.88961874541714">
        <time>2026-08-22T13:18:06Z</time>
      </trkpt>
      <trkpt lat="22.554034626437826" lon="113.88961073700706">
        <time>2026-08-22T13:18:07Z</time>
      </trkpt>
      <trkpt lat="22.553931642140473" lon="113.88963476854886">
        <time>2026-08-22T13:18:08Z</time>
      </trkpt>
      <trkpt lat="22.553938643494526" lon="113.88964077436042">
        <time>2026-08-22T13:18:09Z</time>
      </trkpt>
      <trkpt lat="22.55393864317754" lon="113.88963977331821">
        <time>2026-08-22T13:18:10Z</time>
      </trkpt>
      <trkpt lat="22.55392862678135" lon="113.88958571760405">
        <time>2026-08-22T13:18:11Z</time>
      </trkpt>
      <trkpt lat="22.553918625009207" lon="113.8895777098774">
        <time>2026-08-22T13:18:12Z</time>
      </trkpt>
      <trkpt lat="22.553920621974303" lon="113.88956870034407">
        <time>2026-08-22T13:18:13Z</time>
      </trkpt>
      <trkpt lat="22.553790638219507" lon="113.8895877284151">
        <time>2026-08-22T13:18:14Z</time>
      </trkpt>
      <trkpt lat="22.553790637900292" lon="113.8895867273705">
        <time>2026-08-22T13:18:15Z</time>
      </trkpt>
      <trkpt lat="22.55376265155376" lon="113.8896227667171">
        <time>2026-08-22T13:18:16Z</time>
      </trkpt>
      <trkpt lat="22.55374765494862" lon="113.88962977496502">
        <time>2026-08-22T13:18:17Z</time>
      </trkpt>
      <trkpt lat="22.553735654933394" lon="113.88962677259516">
        <time>2026-08-22T13:18:18Z</time>
      </trkpt>
      <trkpt lat="22.553737648417687" lon="113.88960675160342">
        <time>2026-08-22T13:18:19Z</time>
      </trkpt>
      <trkpt lat="22.553739641246615" lon="113.88958472850447">
        <time>2026-08-22T13:18:20Z</time>
      </trkpt>
      <trkpt lat="22.55373764204137" lon="113.88958673072018">
        <time>2026-08-22T13:18:21Z</time>
      </trkpt>
      <trkpt lat="22.553733636600697" lon="113.88956871216277">
        <time>2026-08-22T13:18:22Z</time>
      </trkpt>
      <trkpt lat="22.55373363467999" lon="113.88956270588949">
        <time>2026-08-22T13:18:23Z</time>
      </trkpt>
      <trkpt lat="22.5537296381927" lon="113.88957271659689">
        <time>2026-08-22T13:18:24Z</time>
      </trkpt>
      <trkpt lat="22.553722643531923" lon="113.88958773271278">
        <time>2026-08-22T13:18:25Z</time>
      </trkpt>
      <trkpt lat="22.553735634203534" lon="113.88956170471738">
        <time>2026-08-22T13:18:26Z</time>
      </trkpt>
      <trkpt lat="22.553720637615804" lon="113.8895687129844">
        <time>2026-08-22T13:18:27Z</time>
      </trkpt>
      <trkpt lat="22.553724606066663" lon="113.88947161111614">
        <time>2026-08-22T13:18:28Z</time>
      </trkpt>
      <trkpt lat="22.553713604980334" lon="113.88946560551206">
        <time>2026-08-22T13:18:29Z</time>
      </trkpt>
      <trkpt lat="22.55371659695042" lon="113.88944158010915">
        <time>2026-08-22T13:18:30Z</time>
      </trkpt>
      <trkpt lat="22.553726586717577" lon="113.88941254897675">
        <time>2026-08-22T13:18:31Z</time>
      </trkpt>
      <trkpt lat="22.553727586966016" lon="113.88941354996591">
        <time>2026-08-22T13:18:32Z</time>
      </trkpt>
      <trkpt lat="22.55373158665366" lon="113.8894135497131">
        <time>2026-08-22T13:18:33Z</time>
      </trkpt>
      <trkpt lat="22.553749568213107" lon="113.88936149379336">
        <time>2026-08-22T13:18:34Z</time>
      </trkpt>
      <trkpt lat="22.55376356284298" lon="113.88934847919414">
        <time>2026-08-22T13:18:35Z</time>
      </trkpt>
      <trkpt lat="22.553783541450997" lon="113.88928841453514">
        <time>2026-08-22T13:18:36Z</time>
      </trkpt>
      <trkpt lat="22.553780541353706" lon="113.8892874136668">
        <time>2026-08-22T13:18:37Z</time>
      </trkpt>
      <trkpt lat="22.553744555422863" lon="113.88932145188717">
        <time>2026-08-22T13:18:38Z</time>
      </trkpt>
      <trkpt lat="22.55373755629992" lon="113.88932245338601">
        <time>2026-08-22T13:18:39Z</time>
      </trkpt>
      <trkpt lat="22.5537325553688" lon="113.88931844947606">
        <time>2026-08-22T13:18:40Z</time>
      </trkpt>
      <trkpt lat="22.55373054326835" lon="113.88928141047839">
        <time>2026-08-22T13:18:41Z</time>
      </trkpt>
      <trkpt lat="22.553724540081937" lon="113.88927039921434">
        <time>2026-08-22T13:18:42Z</time>
      </trkpt>
      <trkpt lat="22.553718535558236" lon="113.88925538370768">
        <time>2026-08-22T13:18:43Z</time>
      </trkpt>
      <trkpt lat="22.55372349590538" lon="113.88913825913747">
        <time>2026-08-22T13:18:44Z</time>
      </trkpt>
      <trkpt lat="22.553668438674855" lon="113.88895807026229">
        <time>2026-08-22T13:18:45Z</time>
      </trkpt>
      <trkpt lat="22.553673410506246" lon="113.88887798399374">
        <time>2026-08-22T13:18:46Z</time>
      </trkpt>
      <trkpt lat="22.553678394022356" lon="113.88883193412609">
        <time>2026-08-22T13:18:47Z</time>
      </trkpt>
      <trkpt lat="22.553636414787164" lon="113.88888199063675">
        <time>2026-08-22T13:18:48Z</time>
      </trkpt>
      <trkpt lat="22.553626418355314" lon="113.88888999987545">
        <time>2026-08-22T13:18:49Z</time>
      </trkpt>
      <trkpt lat="22.55362042230494" lon="113.88890001100897">
        <time>2026-08-22T13:18:50Z</time>
      </trkpt>
      <trkpt lat="22.553621420834727" lon="113.88889600664459">
        <time>2026-08-22T13:18:51Z</time>
      </trkpt>
      <trkpt lat="22.553623418937548" lon="113.88889100114069">
        <time>2026-08-22T13:18:52Z</time>
      </trkpt>
      <trkpt lat="22.5536214236186" lon="113.88890401524624">
        <time>2026-08-22T13:18:53Z</time>
      </trkpt>
      <trkpt lat="22.55359744282755" lon="113.88895407045901">
        <time>2026-08-22T13:18:54Z</time>
      </trkpt>
      <trkpt lat="22.55359544332908" lon="113.88895507165819">
        <time>2026-08-22T13:18:55Z</time>
      </trkpt>
      <trkpt lat="22.55359645084612" lon="113.88897709518493">
        <time>2026-08-22T13:18:56Z</time>
      </trkpt>
      <trkpt lat="22.553598446895347" lon="113.88896608326624">
        <time>2026-08-22T13:18:57Z</time>
      </trkpt>
      <trkpt lat="22.553610445960253" lon="113.88896608250778">
        <time>2026-08-22T13:18:58Z</time>
      </trkpt>
      <trkpt lat="22.553617451621975" lon="113.88898410135899">
        <time>2026-08-22T13:18:59Z</time>
      </trkpt>
      <trkpt lat="22.55363147863674" lon="113.88906618818488">
        <time>2026-08-22T13:19:00Z</time>
      </trkpt>
      <trkpt lat="22.5536564633549" lon="113.889027144926">
        <time>2026-08-22T13:19:01Z</time>
      </trkpt>
      <trkpt lat="22.5536544679621" lon="113.88904015895287">
        <time>2026-08-22T13:19:02Z</time>
      </trkpt>
      <trkpt lat="22.553645470032137" lon="113.88904416379725">
        <time>2026-08-22T13:19:03Z</time>
      </trkpt>
      <trkpt lat="22.553657467728126" lon="113.88904015876325">
        <time>2026-08-22T13:19:04Z</time>
      </trkpt>
      <trkpt lat="22.55367446195083" lon="113.88902714378833">
        <time>2026-08-22T13:19:05Z</time>
      </trkpt>
      <trkpt lat="22.5536975528081" lon="113.88930243477715">
        <time>2026-08-22T13:19:06Z</time>
      </trkpt>
      <trkpt lat="22.553710555433558" lon="113.88931344558306">
        <time>2026-08-22T13:19:07Z</time>
      </trkpt>
      <trkpt lat="22.553770561308152" lon="113.88934547558578">
        <time>2026-08-22T13:19:08Z</time>
      </trkpt>
      <trkpt lat="22.553787562613024" lon="113.88935348295293">
        <time>2026-08-22T13:19:09Z</time>
      </trkpt>
      <trkpt lat="22.553790566980652" lon="113.88936749752922">
        <time>2026-08-22T13:19:10Z</time>
      </trkpt>
      <trkpt lat="22.553802570964265" lon="113.88938251258169">
        <time>2026-08-22T13:19:11Z</time>
      </trkpt>
      <trkpt lat="22.553843595793282" lon="113.88946860044562">
        <time>2026-08-22T13:19:12Z</time>
      </trkpt>
      <trkpt lat="22.553858598506842" lon="113.88948061209298">
        <time>2026-08-22T13:19:13Z</time>
      </trkpt>
      <trkpt lat="22.553873600244327" lon="113.88948962058728">
        <time>2026-08-22T13:19:14Z</time>
      </trkpt>
      <trkpt lat="22.553888599716565" lon="113.88949162173704">
        <time>2026-08-22T13:19:15Z</time>
      </trkpt>
      <trkpt lat="22.553902607332077" lon="113.88951864915506">
        <time>2026-08-22T13:19:16Z</time>
      </trkpt>
      <trkpt lat="22.553911621398992" lon="113.88956469673086">
        <time>2026-08-22T13:19:17Z</time>
      </trkpt>
      <trkpt lat="22.553900631846407" lon="113.88959472877379">
        <time>2026-08-22T13:19:18Z</time>
      </trkpt>
      <trkpt lat="22.553912634093464" lon="113.88960473845565">
        <time>2026-08-22T13:19:19Z</time>
      </trkpt>
      <trkpt lat="22.553941632139857" lon="113.88960573766659">
        <time>2026-08-22T13:19:20Z</time>
      </trkpt>
      <trkpt lat="22.553957634068112" lon="113.88961574709073">
        <time>2026-08-22T13:19:21Z</time>
      </trkpt>
      <trkpt lat="22.5539736347211" lon="113.88962175233857">
        <time>2026-08-22T13:19:22Z</time>
      </trkpt>
      <trkpt lat="22.55399163775414" lon="113.8896357657992">
        <time>2026-08-22T13:19:23Z</time>
      </trkpt>
      <trkpt lat="22.55401764394687" lon="113.88966179124373">
        <time>2026-08-22T13:19:24Z</time>
      </trkpt>
      <trkpt lat="22.553999656710822" lon="113.88969782983759">
        <time>2026-08-22T13:19:25Z</time>
      </trkpt>
      <trkpt lat="22.554013653094593" lon="113.88968982063416">
        <time>2026-08-22T13:19:26Z</time>
      </trkpt>
      <trkpt lat="22.55402465537842" lon="113.88969983033674">
        <time>2026-08-22T13:19:27Z</time>
      </trkpt>
      <trkpt lat="22.554029656872192" lon="113.88970583625726">
        <time>2026-08-22T13:19:28Z</time>
      </trkpt>
      <trkpt lat="22.55403965859984" lon="113.88971384393813">
        <time>2026-08-22T13:19:29Z</time>
      </trkpt>
      <trkpt lat="22.554035662677553" lon="113.88972585665485">
        <time>2026-08-22T13:19:30Z</time>
      </trkpt>
      <trkpt lat="22.55402566534198" lon="113.8897318635164">
        <time>2026-08-22T13:19:31Z</time>
      </trkpt>
      <trkpt lat="22.554019670817684" lon="113.88974788049985">
        <time>2026-08-22T13:19:32Z</time>
      </trkpt>
      <trkpt lat="22.55405667882407" lon="113.88978291444323">
        <time>2026-08-22T13:19:33Z</time>
      </trkpt>
      <trkpt lat="22.554057678745554" lon="113.88978291438004">
        <time>2026-08-22T13:19:34Z</time>
      </trkpt>
      <trkpt lat="22.55406767951476" lon="113.88978791892667">
        <time>2026-08-22T13:19:35Z</time>
      </trkpt>
      <trkpt lat="22.554078684238156" lon="113.88980593686529">
        <time>2026-08-22T13:19:36Z</time>
      </trkpt>
      <trkpt lat="22.5540837026788" lon="113.88986699958934">
        <time>2026-08-22T13:19:37Z</time>
      </trkpt>
      <trkpt lat="22.55411970813616" lon="113.88989402516387">
        <time>2026-08-22T13:19:38Z</time>
      </trkpt>
      <trkpt lat="22.554161718880167" lon="113.88994006988193">
        <time>2026-08-22T13:19:39Z</time>
      </trkpt>
      <trkpt lat="22.55417572658837" lon="113.88996909881362">
        <time>2026-08-22T13:19:40Z</time>
      </trkpt>
      <trkpt lat="22.554203729230263" lon="113.88998511347837">
        <time>2026-08-22T13:19:41Z</time>
      </trkpt>
      <trkpt lat="22.554230717403367" lon="113.8899530788918">
        <time>2026-08-22T13:19:42Z</time>
      </trkpt>
      <trkpt lat="22.554233717470947" lon="113.8899540797304">
        <time>2026-08-22T13:19:43Z</time>
      </trkpt>
      <trkpt lat="22.554241715929336" lon="113.88995107614008">
        <time>2026-08-22T13:19:44Z</time>
      </trkpt>
      <trkpt lat="22.554235729129473" lon="113.88999311966884">
        <time>2026-08-22T13:19:45Z</time>
      </trkpt>
      <trkpt lat="22.55423672874855" lon="113.88999211857919">
        <time>2026-08-22T13:19:46Z</time>
      </trkpt>
      <trkpt lat="22.55423872586957" lon="113.88998310921272">
        <time>2026-08-22T13:19:47Z</time>
      </trkpt>
      <trkpt lat="22.554250715524354" lon="113.88995207659956">
        <time>2026-08-22T13:19:48Z</time>
      </trkpt>
      <trkpt lat="22.554233717470947" lon="113.8899540797304">
        <time>2026-08-22T13:19:49Z</time>
      </trkpt>
      <trkpt lat="22.554237718067142" lon="113.88995708256193">
        <time>2026-08-22T13:19:50Z</time>
      </trkpt>
      <trkpt lat="22.554227720979274" lon="113.88996409038914">
        <time>2026-08-22T13:19:51Z</time>
      </trkpt>
      <trkpt lat="22.55420572604583" lon="113.88997510308185">
        <time>2026-08-22T13:19:52Z</time>
      </trkpt>
      <trkpt lat="22.554190722374376" lon="113.88995908758834">
        <time>2026-08-22T13:19:53Z</time>
      </trkpt>
      <trkpt lat="22.554184723453595" lon="113.88996109002336">
        <time>2026-08-22T13:19:54Z</time>
      </trkpt>
      <trkpt lat="22.554191724116443" lon="113.88996509369204">
        <time>2026-08-22T13:19:55Z</time>
      </trkpt>
      <trkpt lat="22.55418772473452" lon="113.88996609497251">
        <time>2026-08-22T13:19:56Z</time>
      </trkpt>
      <trkpt lat="22.554183722317934" lon="113.88995708597474">
        <time>2026-08-22T13:19:57Z</time>
      </trkpt>
      <trkpt lat="22.554180723768322" lon="113.88996109027616">
        <time>2026-08-22T13:19:58Z</time>
      </trkpt>
      <trkpt lat="22.554185724891894" lon="113.88996609509891">
        <time>2026-08-22T13:19:59Z</time>
      </trkpt>
      <trkpt lat="22.554161715834198" lon="113.88993005959163">
        <time>2026-08-22T13:20:00Z</time>
      </trkpt>
      <trkpt lat="22.554154719126306" lon="113.88993906929551">
        <time>2026-08-22T13:20:01Z</time>
      </trkpt>
      <trkpt lat="22.554142720374358" lon="113.88994007108273">
        <time>2026-08-22T13:20:02Z</time>
      </trkpt>
      <trkpt lat="22.554112720296214" lon="113.88993206474684">
        <time>2026-08-22T13:20:03Z</time>
      </trkpt>
      <trkpt lat="22.553965701151935" lon="113.88983197089685">
        <time>2026-08-22T13:20:04Z</time>
      </trkpt>
      <trkpt lat="22.55397069952386" lon="113.8898279664459">
        <time>2026-08-22T13:20:05Z</time>
      </trkpt>
      <trkpt lat="22.553961701774426" lon="113.88983297218327">
        <time>2026-08-22T13:20:06Z</time>
      </trkpt>
      <trkpt lat="22.553930686840047" lon="113.88977691619068">
        <time>2026-08-22T13:20:07Z</time>
      </trkpt>
      <trkpt lat="22.55393468590405" lon="113.88977491386558">
        <time>2026-08-22T13:20:08Z</time>
      </trkpt>
      <trkpt lat="22.553942668403888" lon="113.88972085734002">
        <time>2026-08-22T13:20:09Z</time>
      </trkpt>
      <trkpt lat="22.55392165936249" lon="113.88968682332847">
        <time>2026-08-22T13:20:10Z</time>
      </trkpt>
      <trkpt lat="22.553915655102283" lon="113.88967180810059">
        <time>2026-08-22T13:20:11Z</time>
      </trkpt>
      <trkpt lat="22.553905653358882" lon="113.88966380040472">
        <time>2026-08-22T13:20:12Z</time>
      </trkpt>
      <trkpt lat="22.55390665612286" lon="113.88967280971018">
        <time>2026-08-22T13:20:13Z</time>
      </trkpt>
      <trkpt lat="22.55390965557225" lon="113.88967180847979">
        <time>2026-08-22T13:20:14Z</time>
      </trkpt>
      <trkpt lat="22.553877655867275" lon="113.88966480321548">
        <time>2026-08-22T13:20:15Z</time>
      </trkpt>
      <trkpt lat="22.553901667221282" lon="113.88970684538627">
        <time>2026-08-22T13:20:16Z</time>
      </trkpt>
      <trkpt lat="22.553911663294056" lon="113.88969683435961">
        <time>2026-08-22T13:20:17Z</time>
      </trkpt>
      <trkpt lat="22.55391666164362" lon="113.8896928298845">
        <time>2026-08-22T13:20:18Z</time>
      </trkpt>
      <trkpt lat="22.553914659910838" lon="113.88968682377087">
        <time>2026-08-22T13:20:19Z</time>
      </trkpt>
      <trkpt lat="22.55391666164362" lon="113.8896928298845">
        <time>2026-08-22T13:20:20Z</time>
      </trkpt>
      <trkpt lat="22.553922658654002" lon="113.88968482118491">
        <time>2026-08-22T13:20:21Z</time>
      </trkpt>
      <trkpt lat="22.553853647613494" lon="113.88963277139354">
        <time>2026-08-22T13:20:22Z</time>
      </trkpt>
      <trkpt lat="22.55384163359275" lon="113.8895857231026">
        <time>2026-08-22T13:20:23Z</time>
      </trkpt>
      <trkpt lat="22.553840631115417" lon="113.88957771480713">
        <time>2026-08-22T13:20:24Z</time>
      </trkpt>
      <trkpt lat="22.553838629673287" lon="113.88957270970792">
        <time>2026-08-22T13:20:25Z</time>
      </trkpt>
      <trkpt lat="22.55383162926121" lon="113.88956970701442">
        <time>2026-08-22T13:20:26Z</time>
      </trkpt>
      <trkpt lat="22.553817626193286" lon="113.88955669430565">
        <time>2026-08-22T13:20:27Z</time>
      </trkpt>
      <trkpt lat="22.55372662720738" lon="113.88953768017586">
        <time>2026-08-22T13:20:28Z</time>
      </trkpt>
      <trkpt lat="22.55374262467235" lon="113.88953367497709">
        <time>2026-08-22T13:20:29Z</time>
      </trkpt>
      <trkpt lat="22.553749618332454" lon="113.88951565568182">
        <time>2026-08-22T13:20:30Z</time>
      </trkpt>
      <trkpt lat="22.55374961929892" lon="113.88951865882497">
        <time>2026-08-22T13:20:31Z</time>
      </trkpt>
      <trkpt lat="22.553754618586215" lon="113.88951765746128">
        <time>2026-08-22T13:20:32Z</time>
      </trkpt>
      <trkpt lat="22.553729622148982" lon="113.88952266427924">
        <time>2026-08-22T13:20:33Z</time>
      </trkpt>
      <trkpt lat="22.553703594384125" lon="113.8894305693661">
        <time>2026-08-22T13:20:34Z</time>
      </trkpt>
      <trkpt lat="22.553709590981995" lon="113.88942155952085">
        <time>2026-08-22T13:20:35Z</time>
      </trkpt>
      <trkpt lat="22.553700593966624" lon="113.88942856745246">
        <time>2026-08-22T13:20:36Z</time>
      </trkpt>
      <trkpt lat="22.55369859053561" lon="113.88941755600779">
        <time>2026-08-22T13:20:37Z</time>
      </trkpt>
      <trkpt lat="22.553695590443393" lon="113.8894165551452">
        <time>2026-08-22T13:20:38Z</time>
      </trkpt>
      <trkpt lat="22.553695591748554" lon="113.88942055935368">
        <time>2026-08-22T13:20:39Z</time>
      </trkpt>
      <trkpt lat="22.553770550416694" lon="113.88931244073403">
        <time>2026-08-22T13:20:40Z</time>
      </trkpt>
      <trkpt lat="22.55376955148685" lon="113.88931544396759">
        <time>2026-08-22T13:20:41Z</time>
      </trkpt>
      <trkpt lat="22.553778545819664" lon="113.88930042754299">
        <time>2026-08-22T13:20:42Z</time>
      </trkpt>
      <trkpt lat="22.55381852341015" lon="113.88924236361144">
        <time>2026-08-22T13:20:43Z</time>
      </trkpt>
      <trkpt lat="22.55393547492509" lon="113.8891252318944">
        <time>2026-08-22T13:20:44Z</time>
      </trkpt>
      <trkpt lat="22.553939471901742" lon="113.88911722311863">
        <time>2026-08-22T13:20:45Z</time>
      </trkpt>
      <trkpt lat="22.553946461847385" lon="113.8890891928234">
        <time>2026-08-22T13:20:46Z</time>
      </trkpt>
      <trkpt lat="22.553952455930517" lon="113.88907317536975">
        <time>2026-08-22T13:20:47Z</time>
      </trkpt>
      <trkpt lat="22.55396045223501" lon="113.88906416525472">
        <time>2026-08-22T13:20:48Z</time>
      </trkpt>
      <trkpt lat="22.55396745611733" lon="113.88907717869135">
        <time>2026-08-22T13:20:49Z</time>
      </trkpt>
      <trkpt lat="22.553974455568504" lon="113.88907717824891">
        <time>2026-08-22T13:20:50Z</time>
      </trkpt>
      <trkpt lat="22.553982456303178" lon="113.88908118201222">
        <time>2026-08-22T13:20:51Z</time>
      </trkpt>
      <trkpt lat="22.55398045441678" lon="113.88907517573493">
        <time>2026-08-22T13:20:52Z</time>
      </trkpt>
      <trkpt lat="22.553976454730435" lon="113.88907517598774">
        <time>2026-08-22T13:20:53Z</time>
      </trkpt>
      <trkpt lat="22.553976453708255" lon="113.88907217278529">
        <time>2026-08-22T13:20:54Z</time>
      </trkpt>
      <trkpt lat="22.553974451819585" lon="113.88906616650559">
        <time>2026-08-22T13:20:55Z</time>
      </trkpt>
      <trkpt lat="22.553975449011507" lon="113.88905815789839">
        <time>2026-08-22T13:20:56Z</time>
      </trkpt>
      <trkpt lat="22.553976434901514" lon="113.88901711400254">
        <time>2026-08-22T13:20:57Z</time>
      </trkpt>
      <trkpt lat="22.55397542466836" lon="113.88898708194566">
        <time>2026-08-22T13:20:58Z</time>
      </trkpt>
      <trkpt lat="22.55402540866849" lon="113.88895204126126">
        <time>2026-08-22T13:20:59Z</time>
      </trkpt>
      <trkpt lat="22.554054397040044" lon="113.88892501044387">
        <time>2026-08-22T13:21:00Z</time>
      </trkpt>
      <trkpt lat="22.554076390103646" lon="113.88890999293685">
        <time>2026-08-22T13:21:01Z</time>
      </trkpt>
      <trkpt lat="22.55409638331435" lon="113.88889497554622">
        <time>2026-08-22T13:21:02Z</time>
      </trkpt>
      <trkpt lat="22.55411337605318" lon="113.88887795618292">
        <time>2026-08-22T13:21:03Z</time>
      </trkpt>
      <trkpt lat="22.554131363452026" lon="113.88884592058437">
        <time>2026-08-22T13:21:04Z</time>
      </trkpt>
      <trkpt lat="22.554140357486133" lon="113.88883090384631">
        <time>2026-08-22T13:21:05Z</time>
      </trkpt>
      <trkpt lat="22.55415635271719" lon="113.88882089204998">
        <time>2026-08-22T13:21:06Z</time>
      </trkpt>
      <trkpt lat="22.554160354158498" lon="113.88882589719022">
        <time>2026-08-22T13:21:07Z</time>
      </trkpt>
      <trkpt lat="22.554173348568387" lon="113.88881288234424">
        <time>2026-08-22T13:21:08Z</time>
      </trkpt>
      <trkpt lat="22.554187345356425" lon="113.88880687498406">
        <time>2026-08-22T13:21:09Z</time>
      </trkpt>
      <trkpt lat="22.554183341093324" lon="113.8887938612016">
        <time>2026-08-22T13:21:10Z</time>
      </trkpt>
      <trkpt lat="22.554195337328405" lon="113.8887858518023">
        <time>2026-08-22T13:21:11Z</time>
      </trkpt>
      <trkpt lat="22.554202333954176" lon="113.88877784271618">
        <time>2026-08-22T13:21:12Z</time>
      </trkpt>
      <trkpt lat="22.55421033049849" lon="113.888769833564">
        <time>2026-08-22T13:21:13Z</time>
      </trkpt>
      <trkpt lat="22.55422232424786" lon="113.88875481658565">
        <time>2026-08-22T13:21:14Z</time>
      </trkpt>
      <trkpt lat="22.554231321414207" lon="113.888748809526">
        <time>2026-08-22T13:21:15Z</time>
      </trkpt>
      <trkpt lat="22.554232313886118" lon="113.88872778673259">
        <time>2026-08-22T13:21:16Z</time>
      </trkpt>
      <trkpt lat="22.554247308795397" lon="113.88871677387033">
        <time>2026-08-22T13:21:17Z</time>
      </trkpt>
      <trkpt lat="22.55425330440834" lon="113.88870576157157">
        <time>2026-08-22T13:21:18Z</time>
      </trkpt>
      <trkpt lat="22.554255302113514" lon="113.88869975494134">
        <time>2026-08-22T13:21:19Z</time>
      </trkpt>
      <trkpt lat="22.55425930108564" lon="113.8886977525202">
        <time>2026-08-22T13:21:20Z</time>
      </trkpt>
      <trkpt lat="22.55426529811696" lon="113.88869074455053">
        <time>2026-08-22T13:21:21Z</time>
      </trkpt>
      <trkpt lat="22.554293285906013" lon="113.88866271239722">
        <time>2026-08-22T13:21:22Z</time>
      </trkpt>
      <trkpt lat="22.554275283385444" lon="113.88865170158908">
        <time>2026-08-22T13:21:23Z</time>
      </trkpt>
      <trkpt lat="22.55427628187294" lon="113.88864769718059">
        <time>2026-08-22T13:21:24Z</time>
      </trkpt>
      <trkpt lat="22.554282279607037" lon="113.88864269136873">
        <time>2026-08-22T13:21:25Z</time>
      </trkpt>
      <trkpt lat="22.554285278653083" lon="113.88864068900573">
        <time>2026-08-22T13:21:26Z</time>
      </trkpt>
      <trkpt lat="22.554312294769115" lon="113.88869174266421">
        <time>2026-08-22T13:21:27Z</time>
      </trkpt>
      <trkpt lat="22.554330269358932" lon="113.88862466876807">
        <time>2026-08-22T13:21:28Z</time>
      </trkpt>
      <trkpt lat="22.554317274335798" lon="113.88863568154888">
        <time>2026-08-22T13:21:29Z</time>
      </trkpt>
      <trkpt lat="22.554288269073734" lon="113.88861466054632">
        <time>2026-08-22T13:21:30Z</time>
      </trkpt>
      <trkpt lat="22.554306257200594" lon="113.88858562784144">
        <time>2026-08-22T13:21:31Z</time>
      </trkpt>
      <trkpt lat="22.554286254441056" lon="113.88857361603246">
        <time>2026-08-22T13:21:32Z</time>
      </trkpt>
      <trkpt lat="22.554260248524685" lon="113.88855159369184">
        <time>2026-08-22T13:21:33Z</time>
      </trkpt>
      <trkpt lat="22.554379198277612" lon="113.88843946373628">
        <time>2026-08-22T13:21:34Z</time>
        <extensions>
          <gpxtpx:TrackPointExtension>
            <gpxtpx:hr>134</gpxtpx:hr>
          </gpxtpx:TrackPointExtension>
        </extensions>
      </trkpt>
      <trkpt lat="22.554393189452412" lon="113.8884184398331">
        <time>2026-08-22T13:21:35Z</time>
        <extensions>
          <gpxtpx:TrackPointExtension>
            <gpxtpx:hr>134</gpxtpx:hr>
          </gpxtpx:TrackPointExtension>
        </extensions>
      </trkpt>
      <trkpt lat="22.554409180081688" lon="113.88839641468643">
        <time>2026-08-22T13:21:36Z</time>
        <extensions>
          <gpxtpx:TrackPointExtension>
            <gpxtpx:hr>134</gpxtpx:hr>
          </gpxtpx:TrackPointExtension>
        </extensions>
      </trkpt>
      <trkpt lat="22.554431166885806" lon="113.88836537925053">
        <time>2026-08-22T13:21:37Z</time>
        <extensions>
          <gpxtpx:TrackPointExtension>
            <gpxtpx:hr>134</gpxtpx:hr>
          </gpxtpx:TrackPointExtension>
        </extensions>
      </trkpt>
      <trkpt lat="22.55451509065648" lon="113.88817916877548">
        <time>2026-08-22T13:21:38Z</time>
        <extensions>
          <gpxtpx:TrackPointExtension>
            <gpxtpx:hr>134</gpxtpx:hr>
          </gpxtpx:TrackPointExtension>
        </extensions>
      </trkpt>
      <trkpt lat="22.55447507980569" lon="113.88814213030898">
        <time>2026-08-22T13:21:39Z</time>
        <extensions>
          <gpxtpx:TrackPointExtension>
            <gpxtpx:hr>134</gpxtpx:hr>
          </gpxtpx:TrackPointExtension>
        </extensions>
      </trkpt>
      <trkpt lat="22.554494074505808" lon="113.8881321180178">
        <time>2026-08-22T13:21:40Z</time>
        <extensions>
          <gpxtpx:TrackPointExtension>
            <gpxtpx:hr>134</gpxtpx:hr>
          </gpxtpx:TrackPointExtension>
        </extensions>
      </trkpt>
      <trkpt lat="22.5544980711485" lon="113.88812410888966">
        <time>2026-08-22T13:21:41Z</time>
        <extensions>
          <gpxtpx:TrackPointExtension>
            <gpxtpx:hr>134</gpxtpx:hr>
          </gpxtpx:TrackPointExtension>
        </extensions>
      </trkpt>
      <trkpt lat="22.55449107474307" lon="113.88813211820744">
        <time>2026-08-22T13:21:42Z</time>
        <extensions>
          <gpxtpx:TrackPointExtension>
            <gpxtpx:hr>134</gpxtpx:hr>
          </gpxtpx:TrackPointExtension>
        </extensions>
      </trkpt>
      <trkpt lat="22.55449009225595" lon="113.88817816924862">
        <time>2026-08-22T13:21:43Z</time>
        <extensions>
          <gpxtpx:TrackPointExtension>
            <gpxtpx:hr>134</gpxtpx:hr>
          </gpxtpx:TrackPointExtension>
        </extensions>
      </trkpt>
      <trkpt lat="22.55446909429443" lon="113.88817917168326">
        <time>2026-08-22T13:21:44Z</time>
        <extensions>
          <gpxtpx:TrackPointExtension>
            <gpxtpx:hr>134</gpxtpx:hr>
          </gpxtpx:TrackPointExtension>
        </extensions>
      </trkpt>
      <trkpt lat="22.55445009768572" lon="113.88818417841952">
        <time>2026-08-22T13:21:45Z</time>
        <extensions>
          <gpxtpx:TrackPointExtension>
            <gpxtpx:hr>134</gpxtpx:hr>
          </gpxtpx:TrackPointExtension>
        </extensions>
      </trkpt>
      <trkpt lat="22.554458089867914" lon="113.88816515687411">
        <time>2026-08-22T13:21:46Z</time>
        <extensions>
          <gpxtpx:TrackPointExtension>
            <gpxtpx:hr>134</gpxtpx:hr>
          </gpxtpx:TrackPointExtension>
        </extensions>
      </trkpt>
      <trkpt lat="22.55445809554194" lon="113.88818017348575">
        <time>2026-08-22T13:21:47Z</time>
        <extensions>
          <gpxtpx:TrackPointExtension>
            <gpxtpx:hr>135</gpxtpx:hr>
          </gpxtpx:TrackPointExtension>
        </extensions>
      </trkpt>
      <trkpt lat="22.554453096315065" lon="113.8881811749089">
        <time>2026-08-22T13:21:48Z</time>
        <extensions>
          <gpxtpx:TrackPointExtension>
            <gpxtpx:hr>135</gpxtpx:hr>
          </gpxtpx:TrackPointExtension>
        </extensions>
      </trkpt>
      <trkpt lat="22.554448092550643" lon="113.88817016304455">
        <time>2026-08-22T13:21:49Z</time>
        <extensions>
          <gpxtpx:TrackPointExtension>
            <gpxtpx:hr>135</gpxtpx:hr>
          </gpxtpx:TrackPointExtension>
        </extensions>
      </trkpt>
      <trkpt lat="22.554444092109918" lon="113.88816816108219">
        <time>2026-08-22T13:21:50Z</time>
        <extensions>
          <gpxtpx:TrackPointExtension>
            <gpxtpx:hr>135</gpxtpx:hr>
          </gpxtpx:TrackPointExtension>
        </extensions>
      </trkpt>
      <trkpt lat="22.554443088023415" lon="113.88815714895867">
        <time>2026-08-22T13:21:51Z</time>
        <extensions>
          <gpxtpx:TrackPointExtension>
            <gpxtpx:hr>135</gpxtpx:hr>
          </gpxtpx:TrackPointExtension>
        </extensions>
      </trkpt>
      <trkpt lat="22.554432096840575" lon="113.88817817291495">
        <time>2026-08-22T13:21:52Z</time>
        <extensions>
          <gpxtpx:TrackPointExtension>
            <gpxtpx:hr>134</gpxtpx:hr>
          </gpxtpx:TrackPointExtension>
        </extensions>
      </trkpt>
      <trkpt lat="22.554430102287068" lon="113.88819218853784">
        <time>2026-08-22T13:21:53Z</time>
        <extensions>
          <gpxtpx:TrackPointExtension>
            <gpxtpx:hr>134</gpxtpx:hr>
          </gpxtpx:TrackPointExtension>
        </extensions>
      </trkpt>
      <trkpt lat="22.554403114219564" lon="113.88821821900068">
        <time>2026-08-22T13:21:54Z</time>
        <extensions>
          <gpxtpx:TrackPointExtension>
            <gpxtpx:hr>134</gpxtpx:hr>
          </gpxtpx:TrackPointExtension>
        </extensions>
      </trkpt>
      <trkpt lat="22.554401114001102" lon="113.88821721802165">
        <time>2026-08-22T13:21:55Z</time>
        <extensions>
          <gpxtpx:TrackPointExtension>
            <gpxtpx:hr>134</gpxtpx:hr>
          </gpxtpx:TrackPointExtension>
        </extensions>
      </trkpt>
      <trkpt lat="22.554388122547607" lon="113.88823724094404">
        <time>2026-08-22T13:21:56Z</time>
        <extensions>
          <gpxtpx:TrackPointExtension>
            <gpxtpx:hr>134</gpxtpx:hr>
          </gpxtpx:TrackPointExtension>
        </extensions>
      </trkpt>
      <trkpt lat="22.554325126767587" lon="113.88823524271712">
        <time>2026-08-22T13:21:57Z</time>
        <extensions>
          <gpxtpx:TrackPointExtension>
            <gpxtpx:hr>136</gpxtpx:hr>
          </gpxtpx:TrackPointExtension>
        </extensions>
      </trkpt>
      <trkpt lat="22.554310131329792" lon="113.88824425360559">
        <time>2026-08-22T13:21:58Z</time>
        <extensions>
          <gpxtpx:TrackPointExtension>
            <gpxtpx:hr>136</gpxtpx:hr>
          </gpxtpx:TrackPointExtension>
        </extensions>
      </trkpt>
      <trkpt lat="22.554307126683973" lon="113.88823123943587">
        <time>2026-08-22T13:21:59Z</time>
        <extensions>
          <gpxtpx:TrackPointExtension>
            <gpxtpx:hr>136</gpxtpx:hr>
          </gpxtpx:TrackPointExtension>
        </extensions>
      </trkpt>
      <trkpt lat="22.55428213953642" lon="113.8882602730383">
        <time>2026-08-22T13:22:00Z</time>
        <extensions>
          <gpxtpx:TrackPointExtension>
            <gpxtpx:hr>136</gpxtpx:hr>
          </gpxtpx:TrackPointExtension>
        </extensions>
      </trkpt>
      <trkpt lat="22.554274146903463" lon="113.88827829340106">
        <time>2026-08-22T13:22:01Z</time>
        <extensions>
          <gpxtpx:TrackPointExtension>
            <gpxtpx:hr>136</gpxtpx:hr>
          </gpxtpx:TrackPointExtension>
        </extensions>
      </trkpt>
      <trkpt lat="22.55427214818252" lon="113.88828129683559">
        <time>2026-08-22T13:22:02Z</time>
        <extensions>
          <gpxtpx:TrackPointExtension>
            <gpxtpx:hr>136</gpxtpx:hr>
          </gpxtpx:TrackPointExtension>
        </extensions>
      </trkpt>
      <trkpt lat="22.554271149008745" lon="113.888283299104">
        <time>2026-08-22T13:22:03Z</time>
        <extensions>
          <gpxtpx:TrackPointExtension>
            <gpxtpx:hr>136</gpxtpx:hr>
          </gpxtpx:TrackPointExtension>
        </extensions>
      </trkpt>
      <trkpt lat="22.554278158158574" lon="113.88830932731288">
        <time>2026-08-22T13:22:04Z</time>
        <extensions>
          <gpxtpx:TrackPointExtension>
            <gpxtpx:hr>136</gpxtpx:hr>
          </gpxtpx:TrackPointExtension>
        </extensions>
      </trkpt>
      <trkpt lat="22.554256160637085" lon="113.88831133090625">
        <time>2026-08-22T13:22:05Z</time>
        <extensions>
          <gpxtpx:TrackPointExtension>
            <gpxtpx:hr>136</gpxtpx:hr>
          </gpxtpx:TrackPointExtension>
        </extensions>
      </trkpt>
      <trkpt lat="22.554220174257445" lon="113.88834036510123">
        <time>2026-08-22T13:22:06Z</time>
        <extensions>
          <gpxtpx:TrackPointExtension>
            <gpxtpx:hr>136</gpxtpx:hr>
          </gpxtpx:TrackPointExtension>
        </extensions>
      </trkpt>
      <trkpt lat="22.5542041732884" lon="113.88833435951166">
        <time>2026-08-22T13:22:07Z</time>
        <extensions>
          <gpxtpx:TrackPointExtension>
            <gpxtpx:hr>136</gpxtpx:hr>
          </gpxtpx:TrackPointExtension>
        </extensions>
      </trkpt>
      <trkpt lat="22.55418218540679" lon="113.88836239169311">
        <time>2026-08-22T13:22:08Z</time>
        <extensions>
          <gpxtpx:TrackPointExtension>
            <gpxtpx:hr>136</gpxtpx:hr>
          </gpxtpx:TrackPointExtension>
        </extensions>
      </trkpt>
      <trkpt lat="22.554168187619158" lon="113.888365395875">
        <time>2026-08-22T13:22:09Z</time>
        <extensions>
          <gpxtpx:TrackPointExtension>
            <gpxtpx:hr>136</gpxtpx:hr>
          </gpxtpx:TrackPointExtension>
        </extensions>
      </trkpt>
      <trkpt lat="22.55405721075107" lon="113.88840444571547">
        <time>2026-08-22T13:22:10Z</time>
        <extensions>
          <gpxtpx:TrackPointExtension>
            <gpxtpx:hr>136</gpxtpx:hr>
          </gpxtpx:TrackPointExtension>
        </extensions>
      </trkpt>
      <trkpt lat="22.55396523378194" lon="113.88844749866894">
        <time>2026-08-22T13:22:11Z</time>
        <extensions>
          <gpxtpx:TrackPointExtension>
            <gpxtpx:hr>136</gpxtpx:hr>
          </gpxtpx:TrackPointExtension>
        </extensions>
      </trkpt>
      <trkpt lat="22.553950246309945" lon="113.88847853354953">
        <time>2026-08-22T13:22:12Z</time>
        <extensions>
          <gpxtpx:TrackPointExtension>
            <gpxtpx:hr>136</gpxtpx:hr>
          </gpxtpx:TrackPointExtension>
        </extensions>
      </trkpt>
      <trkpt lat="22.55392525374758" lon="113.88849355153341">
        <time>2026-08-22T13:22:13Z</time>
        <extensions>
          <gpxtpx:TrackPointExtension>
            <gpxtpx:hr>136</gpxtpx:hr>
          </gpxtpx:TrackPointExtension>
        </extensions>
      </trkpt>
      <trkpt lat="22.553888264663772" lon="113.88851557791276">
        <time>2026-08-22T13:22:14Z</time>
        <extensions>
          <gpxtpx:TrackPointExtension>
            <gpxtpx:hr>136</gpxtpx:hr>
          </gpxtpx:TrackPointExtension>
        </extensions>
      </trkpt>
      <trkpt lat="22.553870272981595" lon="113.88853459979558">
        <time>2026-08-22T13:22:15Z</time>
        <extensions>
          <gpxtpx:TrackPointExtension>
            <gpxtpx:hr>136</gpxtpx:hr>
          </gpxtpx:TrackPointExtension>
        </extensions>
      </trkpt>
      <trkpt lat="22.553849281156236" lon="113.88855262076142">
        <time>2026-08-22T13:22:16Z</time>
        <extensions>
          <gpxtpx:TrackPointExtension>
            <gpxtpx:hr>136</gpxtpx:hr>
          </gpxtpx:TrackPointExtension>
        </extensions>
      </trkpt>
      <trkpt lat="22.55385028470061" lon="113.88856263160224">
        <time>2026-08-22T13:22:17Z</time>
        <extensions>
          <gpxtpx:TrackPointExtension>
            <gpxtpx:hr>136</gpxtpx:hr>
          </gpxtpx:TrackPointExtension>
        </extensions>
      </trkpt>
      <trkpt lat="22.553851288602424" lon="113.88857364352835">
        <time>2026-08-22T13:22:18Z</time>
        <extensions>
          <gpxtpx:TrackPointExtension>
            <gpxtpx:hr>136</gpxtpx:hr>
          </gpxtpx:TrackPointExtension>
        </extensions>
      </trkpt>
      <trkpt lat="22.55384629116246" lon="113.88857965038174">
        <time>2026-08-22T13:22:19Z</time>
        <extensions>
          <gpxtpx:TrackPointExtension>
            <gpxtpx:hr>136</gpxtpx:hr>
          </gpxtpx:TrackPointExtension>
        </extensions>
      </trkpt>
      <trkpt lat="22.55383229478609" lon="113.88858665889157">
        <time>2026-08-22T13:22:20Z</time>
        <extensions>
          <gpxtpx:TrackPointExtension>
            <gpxtpx:hr>136</gpxtpx:hr>
          </gpxtpx:TrackPointExtension>
        </extensions>
      </trkpt>
      <trkpt lat="22.553824297577393" lon="113.88859266593114">
        <time>2026-08-22T13:22:21Z</time>
        <extensions>
          <gpxtpx:TrackPointExtension>
            <gpxtpx:hr>136</gpxtpx:hr>
          </gpxtpx:TrackPointExtension>
        </extensions>
      </trkpt>
      <trkpt lat="22.553812300319333" lon="113.88859767213334">
        <time>2026-08-22T13:22:22Z</time>
        <extensions>
          <gpxtpx:TrackPointExtension>
            <gpxtpx:hr>134</gpxtpx:hr>
          </gpxtpx:TrackPointExtension>
        </extensions>
      </trkpt>
      <trkpt lat="22.553792304406123" lon="113.8886046810168">
        <time>2026-08-22T13:22:23Z</time>
        <extensions>
          <gpxtpx:TrackPointExtension>
            <gpxtpx:hr>134</gpxtpx:hr>
          </gpxtpx:TrackPointExtension>
        </extensions>
      </trkpt>
      <trkpt lat="22.553776309977298" lon="113.88861669508475">
        <time>2026-08-22T13:22:24Z</time>
        <extensions>
          <gpxtpx:TrackPointExtension>
            <gpxtpx:hr>134</gpxtpx:hr>
          </gpxtpx:TrackPointExtension>
        </extensions>
      </trkpt>
      <trkpt lat="22.553767317509283" lon="113.8886357163135">
        <time>2026-08-22T13:22:25Z</time>
        <extensions>
          <gpxtpx:TrackPointExtension>
            <gpxtpx:hr>134</gpxtpx:hr>
          </gpxtpx:TrackPointExtension>
        </extensions>
      </trkpt>
      <trkpt lat="22.55374132348698" lon="113.88864672991056">
        <time>2026-08-22T13:22:26Z</time>
        <extensions>
          <gpxtpx:TrackPointExtension>
            <gpxtpx:hr>134</gpxtpx:hr>
          </gpxtpx:TrackPointExtension>
        </extensions>
      </trkpt>
      <trkpt lat="22.553719326638802" lon="113.88865073564659">
        <time>2026-08-22T13:22:27Z</time>
        <extensions>
          <gpxtpx:TrackPointExtension>
            <gpxtpx:hr>131</gpxtpx:hr>
          </gpxtpx:TrackPointExtension>
        </extensions>
      </trkpt>
      <trkpt lat="22.55370433174946" lon="113.88866174854104">
        <time>2026-08-22T13:22:28Z</time>
        <extensions>
          <gpxtpx:TrackPointExtension>
            <gpxtpx:hr>131</gpxtpx:hr>
          </gpxtpx:TrackPointExtension>
        </extensions>
      </trkpt>
      <trkpt lat="22.553691333837648" lon="113.8886647526199">
        <time>2026-08-22T13:22:29Z</time>
        <extensions>
          <gpxtpx:TrackPointExtension>
            <gpxtpx:hr>131</gpxtpx:hr>
          </gpxtpx:TrackPointExtension>
        </extensions>
      </trkpt>
      <trkpt lat="22.553694332887847" lon="113.88866275025887">
        <time>2026-08-22T13:22:30Z</time>
        <extensions>
          <gpxtpx:TrackPointExtension>
            <gpxtpx:hr>131</gpxtpx:hr>
          </gpxtpx:TrackPointExtension>
        </extensions>
      </trkpt>
      <trkpt lat="22.553678334852027" lon="113.8886647534416">
        <time>2026-08-22T13:22:31Z</time>
        <extensions>
          <gpxtpx:TrackPointExtension>
            <gpxtpx:hr>131</gpxtpx:hr>
          </gpxtpx:TrackPointExtension>
        </extensions>
      </trkpt>
      <trkpt lat="22.553668337420643" lon="113.88866975950137">
        <time>2026-08-22T13:22:32Z</time>
        <extensions>
          <gpxtpx:TrackPointExtension>
            <gpxtpx:hr>134</gpxtpx:hr>
          </gpxtpx:TrackPointExtension>
        </extensions>
      </trkpt>
      <trkpt lat="22.55366434059205" lon="113.88867776843622">
        <time>2026-08-22T13:22:33Z</time>
        <extensions>
          <gpxtpx:TrackPointExtension>
            <gpxtpx:hr>134</gpxtpx:hr>
          </gpxtpx:TrackPointExtension>
        </extensions>
      </trkpt>
      <trkpt lat="22.553651345176448" lon="113.88868778010647">
        <time>2026-08-22T13:22:34Z</time>
        <extensions>
          <gpxtpx:TrackPointExtension>
            <gpxtpx:hr>134</gpxtpx:hr>
          </gpxtpx:TrackPointExtension>
        </extensions>
      </trkpt>
      <trkpt lat="22.553647347985233" lon="113.88869478795061">
        <time>2026-08-22T13:22:35Z</time>
        <extensions>
          <gpxtpx:TrackPointExtension>
            <gpxtpx:hr>134</gpxtpx:hr>
          </gpxtpx:TrackPointExtension>
        </extensions>
      </trkpt>
      <trkpt lat="22.553631354220318" lon="113.88870880413805">
        <time>2026-08-22T13:22:36Z</time>
        <extensions>
          <gpxtpx:TrackPointExtension>
            <gpxtpx:hr>134</gpxtpx:hr>
          </gpxtpx:TrackPointExtension>
        </extensions>
      </trkpt>
      <trkpt lat="22.55362535931204" lon="113.88872181860162">
        <time>2026-08-22T13:22:37Z</time>
        <extensions>
          <gpxtpx:TrackPointExtension>
            <gpxtpx:hr>135</gpxtpx:hr>
          </gpxtpx:TrackPointExtension>
        </extensions>
      </trkpt>
      <trkpt lat="22.553610367226607" lon="113.88874084012099">
        <time>2026-08-22T13:22:38Z</time>
        <extensions>
          <gpxtpx:TrackPointExtension>
            <gpxtpx:hr>135</gpxtpx:hr>
          </gpxtpx:TrackPointExtension>
        </extensions>
      </trkpt>
      <trkpt lat="22.55360037225838" lon="113.88875285373717">
        <time>2026-08-22T13:22:39Z</time>
        <extensions>
          <gpxtpx:TrackPointExtension>
            <gpxtpx:hr>135</gpxtpx:hr>
          </gpxtpx:TrackPointExtension>
        </extensions>
      </trkpt>
      <trkpt lat="22.553592378188878" lon="113.88876787046397">
        <time>2026-08-22T13:22:40Z</time>
        <extensions>
          <gpxtpx:TrackPointExtension>
            <gpxtpx:hr>135</gpxtpx:hr>
          </gpxtpx:TrackPointExtension>
        </extensions>
      </trkpt>
      <trkpt lat="22.55358538262017" lon="113.88877888279556">
        <time>2026-08-22T13:22:41Z</time>
        <extensions>
          <gpxtpx:TrackPointExtension>
            <gpxtpx:hr>135</gpxtpx:hr>
          </gpxtpx:TrackPointExtension>
        </extensions>
      </trkpt>
      <trkpt lat="22.553554406141643" lon="113.88883894951017">
        <time>2026-08-22T13:22:42Z</time>
        <extensions>
          <gpxtpx:TrackPointExtension>
            <gpxtpx:hr>134</gpxtpx:hr>
          </gpxtpx:TrackPointExtension>
        </extensions>
      </trkpt>
      <trkpt lat="22.553566411160286" lon="113.88885596706992">
        <time>2026-08-22T13:22:43Z</time>
        <extensions>
          <gpxtpx:TrackPointExtension>
            <gpxtpx:hr>134</gpxtpx:hr>
          </gpxtpx:TrackPointExtension>
        </extensions>
      </trkpt>
      <trkpt lat="22.553558422607686" lon="113.88888700094627">
        <time>2026-08-22T13:22:44Z</time>
        <extensions>
          <gpxtpx:TrackPointExtension>
            <gpxtpx:hr>134</gpxtpx:hr>
          </gpxtpx:TrackPointExtension>
        </extensions>
      </trkpt>
      <trkpt lat="22.553564427015775" lon="113.88890101562366">
        <time>2026-08-22T13:22:45Z</time>
        <extensions>
          <gpxtpx:TrackPointExtension>
            <gpxtpx:hr>134</gpxtpx:hr>
          </gpxtpx:TrackPointExtension>
        </extensions>
      </trkpt>
      <trkpt lat="22.553563435085277" lon="113.88892404040385">
        <time>2026-08-22T13:22:46Z</time>
        <extensions>
          <gpxtpx:TrackPointExtension>
            <gpxtpx:hr>134</gpxtpx:hr>
          </gpxtpx:TrackPointExtension>
        </extensions>
      </trkpt>
      <trkpt lat="22.553551461237845" lon="113.88899711945585">
        <time>2026-08-22T13:22:47Z</time>
        <extensions>
          <gpxtpx:TrackPointExtension>
            <gpxtpx:hr>133</gpxtpx:hr>
          </gpxtpx:TrackPointExtension>
        </extensions>
      </trkpt>
      <trkpt lat="22.55354747321864" lon="113.88903115609318">
        <time>2026-08-22T13:22:48Z</time>
        <extensions>
          <gpxtpx:TrackPointExtension>
            <gpxtpx:hr>133</gpxtpx:hr>
          </gpxtpx:TrackPointExtension>
        </extensions>
      </trkpt>
      <trkpt lat="22.553546481846066" lon="113.88905618287686">
        <time>2026-08-22T13:22:49Z</time>
        <extensions>
          <gpxtpx:TrackPointExtension>
            <gpxtpx:hr>133</gpxtpx:hr>
          </gpxtpx:TrackPointExtension>
        </extensions>
      </trkpt>
      <trkpt lat="22.553542490340433" lon="113.88908020875513">
        <time>2026-08-22T13:22:50Z</time>
        <extensions>
          <gpxtpx:TrackPointExtension>
            <gpxtpx:hr>133</gpxtpx:hr>
          </gpxtpx:TrackPointExtension>
        </extensions>
      </trkpt>
      <trkpt lat="22.55353649692888" lon="113.88909822833662">
        <time>2026-08-22T13:22:51Z</time>
        <extensions>
          <gpxtpx:TrackPointExtension>
            <gpxtpx:hr>133</gpxtpx:hr>
          </gpxtpx:TrackPointExtension>
        </extensions>
      </trkpt>
      <trkpt lat="22.553525502875814" lon="113.88911324502271">
        <time>2026-08-22T13:22:52Z</time>
        <extensions>
          <gpxtpx:TrackPointExtension>
            <gpxtpx:hr>136</gpxtpx:hr>
          </gpxtpx:TrackPointExtension>
        </extensions>
      </trkpt>
      <trkpt lat="22.55351750824127" lon="113.8891272604441">
        <time>2026-08-22T13:22:53Z</time>
        <extensions>
          <gpxtpx:TrackPointExtension>
            <gpxtpx:hr>136</gpxtpx:hr>
          </gpxtpx:TrackPointExtension>
        </extensions>
      </trkpt>
      <trkpt lat="22.55355354542274" lon="113.8892463845999">
        <time>2026-08-22T13:22:54Z</time>
        <extensions>
          <gpxtpx:TrackPointExtension>
            <gpxtpx:hr>136</gpxtpx:hr>
          </gpxtpx:TrackPointExtension>
        </extensions>
      </trkpt>
      <trkpt lat="22.553555551263283" lon="113.88926440354254">
        <time>2026-08-22T13:22:55Z</time>
        <extensions>
          <gpxtpx:TrackPointExtension>
            <gpxtpx:hr>136</gpxtpx:hr>
          </gpxtpx:TrackPointExtension>
        </extensions>
      </trkpt>
      <trkpt lat="22.553571556663936" lon="113.88928442370218">
        <time>2026-08-22T13:22:56Z</time>
        <extensions>
          <gpxtpx:TrackPointExtension>
            <gpxtpx:hr>136</gpxtpx:hr>
          </gpxtpx:TrackPointExtension>
        </extensions>
      </trkpt>
      <trkpt lat="22.5535685552375" lon="113.88927941860074">
        <time>2026-08-22T13:22:57Z</time>
        <extensions>
          <gpxtpx:TrackPointExtension>
            <gpxtpx:hr>139</gpxtpx:hr>
          </gpxtpx:TrackPointExtension>
        </extensions>
      </trkpt>
      <trkpt lat="22.55357056105311" lon="113.88929743751689">
        <time>2026-08-22T13:22:58Z</time>
        <extensions>
          <gpxtpx:TrackPointExtension>
            <gpxtpx:hr>139</gpxtpx:hr>
          </gpxtpx:TrackPointExtension>
        </extensions>
      </trkpt>
      <trkpt lat="22.553581565492824" lon="113.88931345373624">
        <time>2026-08-22T13:22:59Z</time>
        <extensions>
          <gpxtpx:TrackPointExtension>
            <gpxtpx:hr>139</gpxtpx:hr>
          </gpxtpx:TrackPointExtension>
        </extensions>
      </trkpt>
      <trkpt lat="22.553644617488686" lon="113.88948763296256">
        <time>2026-08-22T13:23:00Z</time>
        <extensions>
          <gpxtpx:TrackPointExtension>
            <gpxtpx:hr>139</gpxtpx:hr>
          </gpxtpx:TrackPointExtension>
        </extensions>
      </trkpt>
      <trkpt lat="22.553649610298258" lon="113.88946661060699">
        <time>2026-08-22T13:23:01Z</time>
        <extensions>
          <gpxtpx:TrackPointExtension>
            <gpxtpx:hr>139</gpxtpx:hr>
          </gpxtpx:TrackPointExtension>
        </extensions>
      </trkpt>
      <trkpt lat="22.55365361549293" lon="113.88948362819725">
        <time>2026-08-22T13:23:02Z</time>
        <extensions>
          <gpxtpx:TrackPointExtension>
            <gpxtpx:hr>139</gpxtpx:hr>
          </gpxtpx:TrackPointExtension>
        </extensions>
      </trkpt>
      <trkpt lat="22.553661627134012" lon="113.88952166752946">
        <time>2026-08-22T13:23:03Z</time>
        <extensions>
          <gpxtpx:TrackPointExtension>
            <gpxtpx:hr>139</gpxtpx:hr>
          </gpxtpx:TrackPointExtension>
        </extensions>
      </trkpt>
      <trkpt lat="22.553659635005108" lon="113.88954569278334">
        <time>2026-08-22T13:23:04Z</time>
        <extensions>
          <gpxtpx:TrackPointExtension>
            <gpxtpx:hr>139</gpxtpx:hr>
          </gpxtpx:TrackPointExtension>
        </extensions>
      </trkpt>
      <trkpt lat="22.553662647575845" lon="113.88958573441563">
        <time>2026-08-22T13:23:05Z</time>
        <extensions>
          <gpxtpx:TrackPointExtension>
            <gpxtpx:hr>139</gpxtpx:hr>
          </gpxtpx:TrackPointExtension>
        </extensions>
      </trkpt>
      <trkpt lat="22.553708659263375" lon="113.88963378160024">
        <time>2026-08-22T13:23:06Z</time>
        <extensions>
          <gpxtpx:TrackPointExtension>
            <gpxtpx:hr>139</gpxtpx:hr>
          </gpxtpx:TrackPointExtension>
        </extensions>
      </trkpt>
      <trkpt lat="22.55371166663135" lon="113.88965780641792">
        <time>2026-08-22T13:23:07Z</time>
        <extensions>
          <gpxtpx:TrackPointExtension>
            <gpxtpx:hr>138</gpxtpx:hr>
          </gpxtpx:TrackPointExtension>
        </extensions>
      </trkpt>
      <trkpt lat="22.553711673263383" lon="113.88967882827814">
        <time>2026-08-22T13:23:08Z</time>
        <extensions>
          <gpxtpx:TrackPointExtension>
            <gpxtpx:hr>138</gpxtpx:hr>
          </gpxtpx:TrackPointExtension>
        </extensions>
      </trkpt>
      <trkpt lat="22.55371367562886" lon="113.88968683647425">
        <time>2026-08-22T13:23:09Z</time>
        <extensions>
          <gpxtpx:TrackPointExtension>
            <gpxtpx:hr>138</gpxtpx:hr>
          </gpxtpx:TrackPointExtension>
        </extensions>
      </trkpt>
      <trkpt lat="22.553710679640428" lon="113.88969884914225">
        <time>2026-08-22T13:23:10Z</time>
        <extensions>
          <gpxtpx:TrackPointExtension>
            <gpxtpx:hr>138</gpxtpx:hr>
          </gpxtpx:TrackPointExtension>
        </extensions>
      </trkpt>
      <trkpt lat="22.553707684273895" lon="113.88971286388185">
        <time>2026-08-22T13:23:12Z</time>
        <extensions>
          <gpxtpx:TrackPointExtension>
            <gpxtpx:hr>138</gpxtpx:hr>
          </gpxtpx:TrackPointExtension>
        </extensions>
      </trkpt>
      <trkpt lat="22.553771696478485" lon="113.88976791691276">
        <time>2026-08-22T13:23:13Z</time>
        <extensions>
          <gpxtpx:TrackPointExtension>
            <gpxtpx:hr>138</gpxtpx:hr>
          </gpxtpx:TrackPointExtension>
        </extensions>
      </trkpt>
      <trkpt lat="22.553796707575703" lon="113.88980995882667">
        <time>2026-08-22T13:23:14Z</time>
        <extensions>
          <gpxtpx:TrackPointExtension>
            <gpxtpx:hr>138</gpxtpx:hr>
          </gpxtpx:TrackPointExtension>
        </extensions>
      </trkpt>
      <trkpt lat="22.553808715297066" lon="113.88983798702031">
        <time>2026-08-22T13:23:15Z</time>
        <extensions>
          <gpxtpx:TrackPointExtension>
            <gpxtpx:hr>138</gpxtpx:hr>
          </gpxtpx:TrackPointExtension>
        </extensions>
      </trkpt>
      <trkpt lat="22.55380371969731" lon="113.8898510007664">
        <time>2026-08-22T13:23:16Z</time>
        <extensions>
          <gpxtpx:TrackPointExtension>
            <gpxtpx:hr>138</gpxtpx:hr>
          </gpxtpx:TrackPointExtension>
        </extensions>
      </trkpt>
      <trkpt lat="22.55380972507512" lon="113.88987002000215">
        <time>2026-08-22T13:23:17Z</time>
        <extensions>
          <gpxtpx:TrackPointExtension>
            <gpxtpx:hr>137</gpxtpx:hr>
          </gpxtpx:TrackPointExtension>
        </extensions>
      </trkpt>
      <trkpt lat="22.553815725220524" lon="113.88987202168676">
        <time>2026-08-22T13:23:18Z</time>
        <extensions>
          <gpxtpx:TrackPointExtension>
            <gpxtpx:hr>137</gpxtpx:hr>
          </gpxtpx:TrackPointExtension>
        </extensions>
      </trkpt>
      <trkpt lat="22.55382972596832" lon="113.88987802699226">
        <time>2026-08-22T13:23:19Z</time>
        <extensions>
          <gpxtpx:TrackPointExtension>
            <gpxtpx:hr>137</gpxtpx:hr>
          </gpxtpx:TrackPointExtension>
        </extensions>
      </trkpt>
      <trkpt lat="22.55384673046375" lon="113.88989704550984">
        <time>2026-08-22T13:23:20Z</time>
        <extensions>
          <gpxtpx:TrackPointExtension>
            <gpxtpx:hr>137</gpxtpx:hr>
          </gpxtpx:TrackPointExtension>
        </extensions>
      </trkpt>
      <trkpt lat="22.55388273070606" lon="113.88990705353972">
        <time>2026-08-22T13:23:21Z</time>
        <extensions>
          <gpxtpx:TrackPointExtension>
            <gpxtpx:hr>137</gpxtpx:hr>
          </gpxtpx:TrackPointExtension>
        </extensions>
      </trkpt>
      <trkpt lat="22.55388572832972" lon="113.88990004613704">
        <time>2026-08-22T13:23:22Z</time>
        <extensions>
          <gpxtpx:TrackPointExtension>
            <gpxtpx:hr>135</gpxtpx:hr>
          </gpxtpx:TrackPointExtension>
        </extensions>
      </trkpt>
      <trkpt lat="22.553912730190707" lon="113.88991305782463">
        <time>2026-08-22T13:23:23Z</time>
        <extensions>
          <gpxtpx:TrackPointExtension>
            <gpxtpx:hr>135</gpxtpx:hr>
          </gpxtpx:TrackPointExtension>
        </extensions>
      </trkpt>
      <trkpt lat="22.554015732783476" lon="113.88994808733811">
        <time>2026-08-22T13:23:24Z</time>
        <extensions>
          <gpxtpx:TrackPointExtension>
            <gpxtpx:hr>135</gpxtpx:hr>
          </gpxtpx:TrackPointExtension>
        </extensions>
      </trkpt>
      <trkpt lat="22.554059731457144" lon="113.88995509175535">
        <time>2026-08-22T13:23:25Z</time>
        <extensions>
          <gpxtpx:TrackPointExtension>
            <gpxtpx:hr>135</gpxtpx:hr>
          </gpxtpx:TrackPointExtension>
        </extensions>
      </trkpt>
      <trkpt lat="22.554075730808073" lon="113.88995709280033">
        <time>2026-08-22T13:23:26Z</time>
        <extensions>
          <gpxtpx:TrackPointExtension>
            <gpxtpx:hr>135</gpxtpx:hr>
          </gpxtpx:TrackPointExtension>
        </extensions>
      </trkpt>
      <trkpt lat="22.554063728407556" lon="113.88994608224755">
        <time>2026-08-22T13:23:27Z</time>
        <extensions>
          <gpxtpx:TrackPointExtension>
            <gpxtpx:hr>135</gpxtpx:hr>
          </gpxtpx:TrackPointExtension>
        </extensions>
      </trkpt>
      <trkpt lat="22.554082725089764" lon="113.88994007487473">
        <time>2026-08-22T13:23:28Z</time>
        <extensions>
          <gpxtpx:TrackPointExtension>
            <gpxtpx:hr>135</gpxtpx:hr>
          </gpxtpx:TrackPointExtension>
        </extensions>
      </trkpt>
      <trkpt lat="22.5540857245497" lon="113.88993907365631">
        <time>2026-08-22T13:23:29Z</time>
        <extensions>
          <gpxtpx:TrackPointExtension>
            <gpxtpx:hr>135</gpxtpx:hr>
          </gpxtpx:TrackPointExtension>
        </extensions>
      </trkpt>
      <trkpt lat="22.554087732900072" lon="113.88996710232011">
        <time>2026-08-22T13:23:30Z</time>
        <extensions>
          <gpxtpx:TrackPointExtension>
            <gpxtpx:hr>135</gpxtpx:hr>
          </gpxtpx:TrackPointExtension>
        </extensions>
      </trkpt>
      <trkpt lat="22.55409573621025" lon="113.88998011516945">
        <time>2026-08-22T13:23:31Z</time>
        <extensions>
          <gpxtpx:TrackPointExtension>
            <gpxtpx:hr>135</gpxtpx:hr>
          </gpxtpx:TrackPointExtension>
        </extensions>
      </trkpt>
      <trkpt lat="22.55412273439112" lon="113.88998111449004">
        <time>2026-08-22T13:23:32Z</time>
        <extensions>
          <gpxtpx:TrackPointExtension>
            <gpxtpx:hr>134</gpxtpx:hr>
          </gpxtpx:TrackPointExtension>
        </extensions>
      </trkpt>
      <trkpt lat="22.55414172410259" lon="113.88995208348837">
        <time>2026-08-22T13:23:33Z</time>
        <extensions>
          <gpxtpx:TrackPointExtension>
            <gpxtpx:hr>134</gpxtpx:hr>
          </gpxtpx:TrackPointExtension>
        </extensions>
      </trkpt>
      <trkpt lat="22.554140721140303" lon="113.88994207326665">
        <time>2026-08-22T13:23:34Z</time>
        <extensions>
          <gpxtpx:TrackPointExtension>
            <gpxtpx:hr>134</gpxtpx:hr>
          </gpxtpx:TrackPointExtension>
        </extensions>
      </trkpt>
      <trkpt lat="22.55413772137618" lon="113.88994207345625">
        <time>2026-08-22T13:23:35Z</time>
        <extensions>
          <gpxtpx:TrackPointExtension>
            <gpxtpx:hr>134</gpxtpx:hr>
          </gpxtpx:TrackPointExtension>
        </extensions>
      </trkpt>
      <trkpt lat="22.554134720698944" lon="113.8899390705595">
        <time>2026-08-22T13:23:36Z</time>
        <extensions>
          <gpxtpx:TrackPointExtension>
            <gpxtpx:hr>134</gpxtpx:hr>
          </gpxtpx:TrackPointExtension>
        </extensions>
      </trkpt>
      <trkpt lat="22.55412771789798" lon="113.88992805968185">
        <time>2026-08-22T13:23:37Z</time>
        <extensions>
          <gpxtpx:TrackPointExtension>
            <gpxtpx:hr>134</gpxtpx:hr>
          </gpxtpx:TrackPointExtension>
        </extensions>
      </trkpt>
      <trkpt lat="22.554123708434314" lon="113.8898960269727">
        <time>2026-08-22T13:23:38Z</time>
        <extensions>
          <gpxtpx:TrackPointExtension>
            <gpxtpx:hr>134</gpxtpx:hr>
          </gpxtpx:TrackPointExtension>
        </extensions>
      </trkpt>
      <trkpt lat="22.554128708041276" lon="113.88989602665671">
        <time>2026-08-22T13:23:39Z</time>
        <extensions>
          <gpxtpx:TrackPointExtension>
            <gpxtpx:hr>134</gpxtpx:hr>
          </gpxtpx:TrackPointExtension>
        </extensions>
      </trkpt>
      <trkpt lat="22.554134707875804" lon="113.88989702730827">
        <time>2026-08-22T13:23:40Z</time>
        <extensions>
          <gpxtpx:TrackPointExtension>
            <gpxtpx:hr>134</gpxtpx:hr>
          </gpxtpx:TrackPointExtension>
        </extensions>
      </trkpt>
      <trkpt lat="22.554126707892234" lon="113.88989502575231">
        <time>2026-08-22T13:23:41Z</time>
        <extensions>
          <gpxtpx:TrackPointExtension>
            <gpxtpx:hr>134</gpxtpx:hr>
          </gpxtpx:TrackPointExtension>
        </extensions>
      </trkpt>
      <trkpt lat="22.554131710254" lon="113.88990403471189">
        <time>2026-08-22T13:23:42Z</time>
        <extensions>
          <gpxtpx:TrackPointExtension>
            <gpxtpx:hr>134</gpxtpx:hr>
          </gpxtpx:TrackPointExtension>
        </extensions>
      </trkpt>
      <trkpt lat="22.554126714620235" lon="113.88991704841956">
        <time>2026-08-22T13:23:43Z</time>
        <extensions>
          <gpxtpx:TrackPointExtension>
            <gpxtpx:hr>134</gpxtpx:hr>
          </gpxtpx:TrackPointExtension>
        </extensions>
      </trkpt>
      <trkpt lat="22.554132716590054" lon="113.8899250562776">
        <time>2026-08-22T13:23:44Z</time>
        <extensions>
          <gpxtpx:TrackPointExtension>
            <gpxtpx:hr>134</gpxtpx:hr>
          </gpxtpx:TrackPointExtension>
        </extensions>
      </trkpt>
      <trkpt lat="22.55413771772152" lon="113.88993006110843">
        <time>2026-08-22T13:23:45Z</time>
        <extensions>
          <gpxtpx:TrackPointExtension>
            <gpxtpx:hr>134</gpxtpx:hr>
          </gpxtpx:TrackPointExtension>
        </extensions>
      </trkpt>
      <trkpt lat="22.554141719235105" lon="113.88993606703035">
        <time>2026-08-22T13:23:46Z</time>
        <extensions>
          <gpxtpx:TrackPointExtension>
            <gpxtpx:hr>134</gpxtpx:hr>
          </gpxtpx:TrackPointExtension>
        </extensions>
      </trkpt>
      <trkpt lat="22.554147720894168" lon="113.88994307385293">
        <time>2026-08-22T13:23:47Z</time>
        <extensions>
          <gpxtpx:TrackPointExtension>
            <gpxtpx:hr>134</gpxtpx:hr>
          </gpxtpx:TrackPointExtension>
        </extensions>
      </trkpt>
      <trkpt lat="22.554150721570842" lon="113.88994607674915">
        <time>2026-08-22T13:23:48Z</time>
        <extensions>
          <gpxtpx:TrackPointExtension>
            <gpxtpx:hr>134</gpxtpx:hr>
          </gpxtpx:TrackPointExtension>
        </extensions>
      </trkpt>
      <trkpt lat="22.55415372224713" lon="113.88994907964495">
        <time>2026-08-22T13:23:49Z</time>
        <extensions>
          <gpxtpx:TrackPointExtension>
            <gpxtpx:hr>134</gpxtpx:hr>
          </gpxtpx:TrackPointExtension>
        </extensions>
      </trkpt>
      <trkpt lat="22.554156722315177" lon="113.88995008048374">
        <time>2026-08-22T13:23:50Z</time>
        <extensions>
          <gpxtpx:TrackPointExtension>
            <gpxtpx:hr>134</gpxtpx:hr>
          </gpxtpx:TrackPointExtension>
        </extensions>
      </trkpt>
      <trkpt lat="22.55415872246182" lon="113.88995108138568">
        <time>2026-08-22T13:23:51Z</time>
        <extensions>
          <gpxtpx:TrackPointExtension>
            <gpxtpx:hr>134</gpxtpx:hr>
          </gpxtpx:TrackPointExtension>
        </extensions>
      </trkpt>
      <trkpt lat="22.55415872246182" lon="113.88995108138568">
        <time>2026-08-22T13:23:52Z</time>
        <extensions>
          <gpxtpx:TrackPointExtension>
            <gpxtpx:hr>135</gpxtpx:hr>
          </gpxtpx:TrackPointExtension>
        </extensions>
      </trkpt>
      <trkpt lat="22.55414272432782" lon="113.88995308445341">
        <time>2026-08-22T13:23:53Z</time>
        <extensions>
          <gpxtpx:TrackPointExtension>
            <gpxtpx:hr>135</gpxtpx:hr>
          </gpxtpx:TrackPointExtension>
        </extensions>
      </trkpt>
      <trkpt lat="22.55414272463164" lon="113.8899540854816">
        <time>2026-08-22T13:23:54Z</time>
        <extensions>
          <gpxtpx:TrackPointExtension>
            <gpxtpx:hr>135</gpxtpx:hr>
          </gpxtpx:TrackPointExtension>
        </extensions>
      </trkpt>
      <trkpt lat="22.554134723437095" lon="113.88994807981733">
        <time>2026-08-22T13:23:55Z</time>
        <extensions>
          <gpxtpx:TrackPointExtension>
            <gpxtpx:hr>135</gpxtpx:hr>
          </gpxtpx:TrackPointExtension>
        </extensions>
      </trkpt>
      <trkpt lat="22.554112726686114" lon="113.88995308634941">
        <time>2026-08-22T13:23:56Z</time>
        <extensions>
          <gpxtpx:TrackPointExtension>
            <gpxtpx:hr>135</gpxtpx:hr>
          </gpxtpx:TrackPointExtension>
        </extensions>
      </trkpt>
      <trkpt lat="22.55411172402845" lon="113.8899440771568">
        <time>2026-08-22T13:23:57Z</time>
        <extensions>
          <gpxtpx:TrackPointExtension>
            <gpxtpx:hr>135</gpxtpx:hr>
          </gpxtpx:TrackPointExtension>
        </extensions>
      </trkpt>
      <trkpt lat="22.55410872487256" lon="113.88994607940356">
        <time>2026-08-22T13:23:58Z</time>
        <extensions>
          <gpxtpx:TrackPointExtension>
            <gpxtpx:hr>135</gpxtpx:hr>
          </gpxtpx:TrackPointExtension>
        </extensions>
      </trkpt>
      <trkpt lat="22.554053708107272" lon="113.88987701180388">
        <time>2026-08-22T13:23:59Z</time>
        <extensions>
          <gpxtpx:TrackPointExtension>
            <gpxtpx:hr>135</gpxtpx:hr>
          </gpxtpx:TrackPointExtension>
        </extensions>
      </trkpt>
      <trkpt lat="22.554053708721266" lon="113.88987901386703">
        <time>2026-08-22T13:24:00Z</time>
        <extensions>
          <gpxtpx:TrackPointExtension>
            <gpxtpx:hr>135</gpxtpx:hr>
          </gpxtpx:TrackPointExtension>
        </extensions>
      </trkpt>
      <trkpt lat="22.55404870542732" lon="113.88986700180135">
        <time>2026-08-22T13:24:01Z</time>
        <extensions>
          <gpxtpx:TrackPointExtension>
            <gpxtpx:hr>135</gpxtpx:hr>
          </gpxtpx:TrackPointExtension>
        </extensions>
      </trkpt>
      <trkpt lat="22.554036699903353" lon="113.88984598087626">
        <time>2026-08-22T13:24:02Z</time>
        <extensions>
          <gpxtpx:TrackPointExtension>
            <gpxtpx:hr>134</gpxtpx:hr>
          </gpxtpx:TrackPointExtension>
        </extensions>
      </trkpt>
      <trkpt lat="22.55403669774391" lon="113.88983897364405">
        <time>2026-08-22T13:24:03Z</time>
        <extensions>
          <gpxtpx:TrackPointExtension>
            <gpxtpx:hr>134</gpxtpx:hr>
          </gpxtpx:TrackPointExtension>
        </extensions>
      </trkpt>
      <trkpt lat="22.55404367392817" lon="113.88976389557581">
        <time>2026-08-22T13:24:04Z</time>
        <extensions>
          <gpxtpx:TrackPointExtension>
            <gpxtpx:hr>134</gpxtpx:hr>
          </gpxtpx:TrackPointExtension>
        </extensions>
      </trkpt>
      <trkpt lat="22.553997672543666" lon="113.88974788189027">
        <time>2026-08-22T13:24:05Z</time>
        <extensions>
          <gpxtpx:TrackPointExtension>
            <gpxtpx:hr>134</gpxtpx:hr>
          </gpxtpx:TrackPointExtension>
        </extensions>
      </trkpt>
      <trkpt lat="22.553993679721525" lon="113.88976990495519">
        <time>2026-08-22T13:24:06Z</time>
        <extensions>
          <gpxtpx:TrackPointExtension>
            <gpxtpx:hr>134</gpxtpx:hr>
          </gpxtpx:TrackPointExtension>
        </extensions>
      </trkpt>
      <trkpt lat="22.553991679878393" lon="113.8897699050816">
        <time>2026-08-22T13:24:07Z</time>
        <extensions>
          <gpxtpx:TrackPointExtension>
            <gpxtpx:hr>134</gpxtpx:hr>
          </gpxtpx:TrackPointExtension>
        </extensions>
      </trkpt>
      <trkpt lat="22.553993679721525" lon="113.88976990495519">
        <time>2026-08-22T13:24:08Z</time>
        <extensions>
          <gpxtpx:TrackPointExtension>
            <gpxtpx:hr>134</gpxtpx:hr>
          </gpxtpx:TrackPointExtension>
        </extensions>
      </trkpt>
      <trkpt lat="22.55399867745933" lon="113.88976389841986">
        <time>2026-08-22T13:24:09Z</time>
        <extensions>
          <gpxtpx:TrackPointExtension>
            <gpxtpx:hr>134</gpxtpx:hr>
          </gpxtpx:TrackPointExtension>
        </extensions>
      </trkpt>
      <trkpt lat="22.554010675270426" lon="113.88975989351432">
        <time>2026-08-22T13:24:10Z</time>
        <extensions>
          <gpxtpx:TrackPointExtension>
            <gpxtpx:hr>134</gpxtpx:hr>
          </gpxtpx:TrackPointExtension>
        </extensions>
      </trkpt>
      <trkpt lat="22.553926678109566" lon="113.88974788637753">
        <time>2026-08-22T13:24:11Z</time>
        <extensions>
          <gpxtpx:TrackPointExtension>
            <gpxtpx:hr>134</gpxtpx:hr>
          </gpxtpx:TrackPointExtension>
        </extensions>
      </trkpt>
      <trkpt lat="22.553932675451154" lon="113.8897408787354">
        <time>2026-08-22T13:24:12Z</time>
        <extensions>
          <gpxtpx:TrackPointExtension>
            <gpxtpx:hr>134</gpxtpx:hr>
          </gpxtpx:TrackPointExtension>
        </extensions>
      </trkpt>
      <trkpt lat="22.553932676389252" lon="113.88974388184835">
        <time>2026-08-22T13:24:13Z</time>
        <extensions>
          <gpxtpx:TrackPointExtension>
            <gpxtpx:hr>134</gpxtpx:hr>
          </gpxtpx:TrackPointExtension>
        </extensions>
      </trkpt>
      <trkpt lat="22.55392967756203" lon="113.8897468851505">
        <time>2026-08-22T13:24:14Z</time>
        <extensions>
          <gpxtpx:TrackPointExtension>
            <gpxtpx:hr>134</gpxtpx:hr>
          </gpxtpx:TrackPointExtension>
        </extensions>
      </trkpt>
      <trkpt lat="22.5539286760773" lon="113.8897418800259">
        <time>2026-08-22T13:24:15Z</time>
        <extensions>
          <gpxtpx:TrackPointExtension>
            <gpxtpx:hr>134</gpxtpx:hr>
          </gpxtpx:TrackPointExtension>
        </extensions>
      </trkpt>
      <trkpt lat="22.553801641824176" lon="113.88960174233941">
        <time>2026-08-22T13:24:16Z</time>
        <extensions>
          <gpxtpx:TrackPointExtension>
            <gpxtpx:hr>134</gpxtpx:hr>
          </gpxtpx:TrackPointExtension>
        </extensions>
      </trkpt>
      <trkpt lat="22.55378563765256" lon="113.8895847255972">
        <time>2026-08-22T13:24:17Z</time>
        <extensions>
          <gpxtpx:TrackPointExtension>
            <gpxtpx:hr>134</gpxtpx:hr>
          </gpxtpx:TrackPointExtension>
        </extensions>
      </trkpt>
      <trkpt lat="22.553786637574397" lon="113.88958472553401">
        <time>2026-08-22T13:24:18Z</time>
        <extensions>
          <gpxtpx:TrackPointExtension>
            <gpxtpx:hr>134</gpxtpx:hr>
          </gpxtpx:TrackPointExtension>
        </extensions>
      </trkpt>
      <trkpt lat="22.553785637013835" lon="113.88958272350771">
        <time>2026-08-22T13:24:19Z</time>
        <extensions>
          <gpxtpx:TrackPointExtension>
            <gpxtpx:hr>134</gpxtpx:hr>
          </gpxtpx:TrackPointExtension>
        </extensions>
      </trkpt>
      <trkpt lat="22.553768637703502" lon="113.88958072249247">
        <time>2026-08-22T13:24:20Z</time>
        <extensions>
          <gpxtpx:TrackPointExtension>
            <gpxtpx:hr>134</gpxtpx:hr>
          </gpxtpx:TrackPointExtension>
        </extensions>
      </trkpt>
      <trkpt lat="22.553796642533655" lon="113.88960274369933">
        <time>2026-08-22T13:24:21Z</time>
        <extensions>
          <gpxtpx:TrackPointExtension>
            <gpxtpx:hr>134</gpxtpx:hr>
          </gpxtpx:TrackPointExtension>
        </extensions>
      </trkpt>
      <trkpt lat="22.553801636721104" lon="113.88958572563065">
        <time>2026-08-22T13:24:22Z</time>
        <extensions>
          <gpxtpx:TrackPointExtension>
            <gpxtpx:hr>133</gpxtpx:hr>
          </gpxtpx:TrackPointExtension>
        </extensions>
      </trkpt>
      <trkpt lat="22.553805631294537" lon="113.88956970865766">
        <time>2026-08-22T13:24:23Z</time>
        <extensions>
          <gpxtpx:TrackPointExtension>
            <gpxtpx:hr>133</gpxtpx:hr>
          </gpxtpx:TrackPointExtension>
        </extensions>
      </trkpt>
      <trkpt lat="22.553738642601658" lon="113.8895887327461">
        <time>2026-08-22T13:24:24Z</time>
        <extensions>
          <gpxtpx:TrackPointExtension>
            <gpxtpx:hr>133</gpxtpx:hr>
          </gpxtpx:TrackPointExtension>
        </extensions>
      </trkpt>
      <trkpt lat="22.553685644504032" lon="113.88958172878304">
        <time>2026-08-22T13:24:25Z</time>
        <extensions>
          <gpxtpx:TrackPointExtension>
            <gpxtpx:hr>133</gpxtpx:hr>
          </gpxtpx:TrackPointExtension>
        </extensions>
      </trkpt>
      <trkpt lat="22.553659613730392" lon="113.88947962362083">
        <time>2026-08-22T13:24:26Z</time>
        <extensions>
          <gpxtpx:TrackPointExtension>
            <gpxtpx:hr>133</gpxtpx:hr>
          </gpxtpx:TrackPointExtension>
        </extensions>
      </trkpt>
      <trkpt lat="22.55368057425716" lon="113.8893635002636">
        <time>2026-08-22T13:24:27Z</time>
        <extensions>
          <gpxtpx:TrackPointExtension>
            <gpxtpx:hr>132</gpxtpx:hr>
          </gpxtpx:TrackPointExtension>
        </extensions>
      </trkpt>
      <trkpt lat="22.553676555109007" lon="113.88930443821891">
        <time>2026-08-22T13:24:28Z</time>
        <extensions>
          <gpxtpx:TrackPointExtension>
            <gpxtpx:hr>132</gpxtpx:hr>
          </gpxtpx:TrackPointExtension>
        </extensions>
      </trkpt>
      <trkpt lat="22.553687542970057" lon="113.88927040155286">
        <time>2026-08-22T13:24:29Z</time>
        <extensions>
          <gpxtpx:TrackPointExtension>
            <gpxtpx:hr>132</gpxtpx:hr>
          </gpxtpx:TrackPointExtension>
        </extensions>
      </trkpt>
      <trkpt lat="22.55367554623281" lon="113.88927740972127">
        <time>2026-08-22T13:24:30Z</time>
        <extensions>
          <gpxtpx:TrackPointExtension>
            <gpxtpx:hr>132</gpxtpx:hr>
          </gpxtpx:TrackPointExtension>
        </extensions>
      </trkpt>
      <trkpt lat="22.553655541806446" lon="113.88925939192671">
        <time>2026-08-22T13:24:31Z</time>
        <extensions>
          <gpxtpx:TrackPointExtension>
            <gpxtpx:hr>132</gpxtpx:hr>
          </gpxtpx:TrackPointExtension>
        </extensions>
      </trkpt>
      <trkpt lat="22.55362354196976" lon="113.88925238653363">
        <time>2026-08-22T13:24:32Z</time>
        <extensions>
          <gpxtpx:TrackPointExtension>
            <gpxtpx:hr>133</gpxtpx:hr>
          </gpxtpx:TrackPointExtension>
        </extensions>
      </trkpt>
      <trkpt lat="22.55360054142846" lon="113.88924538056953">
        <time>2026-08-22T13:24:33Z</time>
        <extensions>
          <gpxtpx:TrackPointExtension>
            <gpxtpx:hr>133</gpxtpx:hr>
          </gpxtpx:TrackPointExtension>
        </extensions>
      </trkpt>
      <trkpt lat="22.553579547729992" lon="113.88925939673015">
        <time>2026-08-22T13:24:34Z</time>
        <extensions>
          <gpxtpx:TrackPointExtension>
            <gpxtpx:hr>133</gpxtpx:hr>
          </gpxtpx:TrackPointExtension>
        </extensions>
      </trkpt>
      <trkpt lat="22.55356555248035" lon="113.88927040926364">
        <time>2026-08-22T13:24:35Z</time>
        <extensions>
          <gpxtpx:TrackPointExtension>
            <gpxtpx:hr>133</gpxtpx:hr>
          </gpxtpx:TrackPointExtension>
        </extensions>
      </trkpt>
      <trkpt lat="22.553556549854093" lon="113.88926039924301">
        <time>2026-08-22T13:24:36Z</time>
        <extensions>
          <gpxtpx:TrackPointExtension>
            <gpxtpx:hr>133</gpxtpx:hr>
          </gpxtpx:TrackPointExtension>
        </extensions>
      </trkpt>
      <trkpt lat="22.55354054976771" lon="113.88925639601725">
        <time>2026-08-22T13:24:37Z</time>
        <extensions>
          <gpxtpx:TrackPointExtension>
            <gpxtpx:hr>131</gpxtpx:hr>
          </gpxtpx:TrackPointExtension>
        </extensions>
      </trkpt>
      <trkpt lat="22.553517548891687" lon="113.8892483889947">
        <time>2026-08-22T13:24:38Z</time>
        <extensions>
          <gpxtpx:TrackPointExtension>
            <gpxtpx:hr>131</gpxtpx:hr>
          </gpxtpx:TrackPointExtension>
        </extensions>
      </trkpt>
      <trkpt lat="22.553492547834068" lon="113.88923938103565">
        <time>2026-08-22T13:24:39Z</time>
        <extensions>
          <gpxtpx:TrackPointExtension>
            <gpxtpx:hr>131</gpxtpx:hr>
          </gpxtpx:TrackPointExtension>
        </extensions>
      </trkpt>
      <trkpt lat="22.553478545916963" lon="113.88923037237772">
        <time>2026-08-22T13:24:40Z</time>
        <extensions>
          <gpxtpx:TrackPointExtension>
            <gpxtpx:hr>131</gpxtpx:hr>
          </gpxtpx:TrackPointExtension>
        </extensions>
      </trkpt>
      <trkpt lat="22.553463544408483" lon="113.8892223648403">
        <time>2026-08-22T13:24:41Z</time>
        <extensions>
          <gpxtpx:TrackPointExtension>
            <gpxtpx:hr>131</gpxtpx:hr>
          </gpxtpx:TrackPointExtension>
        </extensions>
      </trkpt>
      <trkpt lat="22.553463542735415" lon="113.88921735953542">
        <time>2026-08-22T13:24:42Z</time>
        <extensions>
          <gpxtpx:TrackPointExtension>
            <gpxtpx:hr>132</gpxtpx:hr>
          </gpxtpx:TrackPointExtension>
        </extensions>
      </trkpt>
      <trkpt lat="22.553450546422322" lon="113.88922536884432">
        <time>2026-08-22T13:24:43Z</time>
        <extensions>
          <gpxtpx:TrackPointExtension>
            <gpxtpx:hr>132</gpxtpx:hr>
          </gpxtpx:TrackPointExtension>
        </extensions>
      </trkpt>
      <trkpt lat="22.5534335484121" lon="113.88922737204014">
        <time>2026-08-22T13:24:44Z</time>
        <extensions>
          <gpxtpx:TrackPointExtension>
            <gpxtpx:hr>132</gpxtpx:hr>
          </gpxtpx:TrackPointExtension>
        </extensions>
      </trkpt>
      <trkpt lat="22.5534155498105" lon="113.88922737317779">
        <time>2026-08-22T13:24:45Z</time>
        <extensions>
          <gpxtpx:TrackPointExtension>
            <gpxtpx:hr>132</gpxtpx:hr>
          </gpxtpx:TrackPointExtension>
        </extensions>
      </trkpt>
      <trkpt lat="22.553394553780496" lon="113.88923438192845">
        <time>2026-08-22T13:24:46Z</time>
        <extensions>
          <gpxtpx:TrackPointExtension>
            <gpxtpx:hr>132</gpxtpx:hr>
          </gpxtpx:TrackPointExtension>
        </extensions>
      </trkpt>
      <trkpt lat="22.553366557289856" lon="113.88923838793907">
        <time>2026-08-22T13:24:47Z</time>
        <extensions>
          <gpxtpx:TrackPointExtension>
            <gpxtpx:hr>131</gpxtpx:hr>
          </gpxtpx:TrackPointExtension>
        </extensions>
      </trkpt>
      <trkpt lat="22.553350560200155" lon="113.8892433942505">
        <time>2026-08-22T13:24:48Z</time>
        <extensions>
          <gpxtpx:TrackPointExtension>
            <gpxtpx:hr>131</gpxtpx:hr>
          </gpxtpx:TrackPointExtension>
        </extensions>
      </trkpt>
      <trkpt lat="22.55333056475269" lon="113.88925240505208">
        <time>2026-08-22T13:24:49Z</time>
        <extensions>
          <gpxtpx:TrackPointExtension>
            <gpxtpx:hr>131</gpxtpx:hr>
          </gpxtpx:TrackPointExtension>
        </extensions>
      </trkpt>
      <trkpt lat="22.553327570644605" lon="113.88926942324716">
        <time>2026-08-22T13:24:50Z</time>
        <extensions>
          <gpxtpx:TrackPointExtension>
            <gpxtpx:hr>131</gpxtpx:hr>
          </gpxtpx:TrackPointExtension>
        </extensions>
      </trkpt>
      <trkpt lat="22.55330557600604" lon="113.88928043628133">
        <time>2026-08-22T13:24:51Z</time>
        <extensions>
          <gpxtpx:TrackPointExtension>
            <gpxtpx:hr>131</gpxtpx:hr>
          </gpxtpx:TrackPointExtension>
        </extensions>
      </trkpt>
      <trkpt lat="22.55327758414706" lon="113.8892984570927">
        <time>2026-08-22T13:24:52Z</time>
        <extensions>
          <gpxtpx:TrackPointExtension>
            <gpxtpx:hr>131</gpxtpx:hr>
          </gpxtpx:TrackPointExtension>
        </extensions>
      </trkpt>
      <trkpt lat="22.55326359218043" lon="113.88931948017459">
        <time>2026-08-22T13:24:53Z</time>
        <extensions>
          <gpxtpx:TrackPointExtension>
            <gpxtpx:hr>131</gpxtpx:hr>
          </gpxtpx:TrackPointExtension>
        </extensions>
      </trkpt>
      <trkpt lat="22.553247597382207" lon="113.88933149386102">
        <time>2026-08-22T13:24:54Z</time>
        <extensions>
          <gpxtpx:TrackPointExtension>
            <gpxtpx:hr>131</gpxtpx:hr>
          </gpxtpx:TrackPointExtension>
        </extensions>
      </trkpt>
      <trkpt lat="22.55323260315896" lon="113.88934550958864">
        <time>2026-08-22T13:24:55Z</time>
        <extensions>
          <gpxtpx:TrackPointExtension>
            <gpxtpx:hr>131</gpxtpx:hr>
          </gpxtpx:TrackPointExtension>
        </extensions>
      </trkpt>
      <trkpt lat="22.553221604340028" lon="113.88934651133923">
        <time>2026-08-22T13:24:56Z</time>
        <extensions>
          <gpxtpx:TrackPointExtension>
            <gpxtpx:hr>131</gpxtpx:hr>
          </gpxtpx:TrackPointExtension>
        </extensions>
      </trkpt>
      <trkpt lat="22.55320360737946" lon="113.88935151775293">
        <time>2026-08-22T13:24:57Z</time>
        <extensions>
          <gpxtpx:TrackPointExtension>
            <gpxtpx:hr>131</gpxtpx:hr>
          </gpxtpx:TrackPointExtension>
        </extensions>
      </trkpt>
      <trkpt lat="22.553188611171766" lon="113.88935952714037">
        <time>2026-08-22T13:24:58Z</time>
        <extensions>
          <gpxtpx:TrackPointExtension>
            <gpxtpx:hr>131</gpxtpx:hr>
          </gpxtpx:TrackPointExtension>
        </extensions>
      </trkpt>
      <trkpt lat="22.553176610126883" lon="113.8893535215695">
        <time>2026-08-22T13:24:59Z</time>
        <extensions>
          <gpxtpx:TrackPointExtension>
            <gpxtpx:hr>131</gpxtpx:hr>
          </gpxtpx:TrackPointExtension>
        </extensions>
      </trkpt>
      <trkpt lat="22.553161607994923" lon="113.88934351196512">
        <time>2026-08-22T13:25:00Z</time>
        <extensions>
          <gpxtpx:TrackPointExtension>
            <gpxtpx:hr>131</gpxtpx:hr>
          </gpxtpx:TrackPointExtension>
        </extensions>
      </trkpt>
      <trkpt lat="22.553146606847857" lon="113.88933650552383">
        <time>2026-08-22T13:25:01Z</time>
        <extensions>
          <gpxtpx:TrackPointExtension>
            <gpxtpx:hr>131</gpxtpx:hr>
          </gpxtpx:TrackPointExtension>
        </extensions>
      </trkpt>
      <trkpt lat="22.553134605796526" lon="113.8893304999468">
        <time>2026-08-22T13:25:02Z</time>
        <extensions>
          <gpxtpx:TrackPointExtension>
            <gpxtpx:hr>132</gpxtpx:hr>
          </gpxtpx:TrackPointExtension>
        </extensions>
      </trkpt>
      <trkpt lat="22.55311960464511" lon="113.88932349350142">
        <time>2026-08-22T13:25:03Z</time>
        <extensions>
          <gpxtpx:TrackPointExtension>
            <gpxtpx:hr>132</gpxtpx:hr>
          </gpxtpx:TrackPointExtension>
        </extensions>
      </trkpt>
      <trkpt lat="22.55309660807327" lon="113.88932850023627">
        <time>2026-08-22T13:25:04Z</time>
        <extensions>
          <gpxtpx:TrackPointExtension>
            <gpxtpx:hr>132</gpxtpx:hr>
          </gpxtpx:TrackPointExtension>
        </extensions>
      </trkpt>
      <trkpt lat="22.55308060930925" lon="113.88932850124749">
        <time>2026-08-22T13:25:05Z</time>
        <extensions>
          <gpxtpx:TrackPointExtension>
            <gpxtpx:hr>132</gpxtpx:hr>
          </gpxtpx:TrackPointExtension>
        </extensions>
      </trkpt>
      <trkpt lat="22.5530606115138" lon="113.8893305046237">
        <time>2026-08-22T13:25:06Z</time>
        <extensions>
          <gpxtpx:TrackPointExtension>
            <gpxtpx:hr>132</gpxtpx:hr>
          </gpxtpx:TrackPointExtension>
        </extensions>
      </trkpt>
      <trkpt lat="22.55304861343001" lon="113.88933350855004">
        <time>2026-08-22T13:25:07Z</time>
        <extensions>
          <gpxtpx:TrackPointExtension>
            <gpxtpx:hr>136</gpxtpx:hr>
          </gpxtpx:TrackPointExtension>
        </extensions>
      </trkpt>
      <trkpt lat="22.55302661512801" lon="113.88933350994047">
        <time>2026-08-22T13:25:08Z</time>
        <extensions>
          <gpxtpx:TrackPointExtension>
            <gpxtpx:hr>136</gpxtpx:hr>
          </gpxtpx:TrackPointExtension>
        </extensions>
      </trkpt>
      <trkpt lat="22.553006619638108" lon="113.88934252070585">
        <time>2026-08-22T13:25:09Z</time>
        <extensions>
          <gpxtpx:TrackPointExtension>
            <gpxtpx:hr>136</gpxtpx:hr>
          </gpxtpx:TrackPointExtension>
        </extensions>
      </trkpt>
      <trkpt lat="22.55299262335245" lon="113.88935053003328">
        <time>2026-08-22T13:25:10Z</time>
        <extensions>
          <gpxtpx:TrackPointExtension>
            <gpxtpx:hr>136</gpxtpx:hr>
          </gpxtpx:TrackPointExtension>
        </extensions>
      </trkpt>
      <trkpt lat="22.552973626133785" lon="113.88935453545434">
        <time>2026-08-22T13:25:11Z</time>
        <extensions>
          <gpxtpx:TrackPointExtension>
            <gpxtpx:hr>136</gpxtpx:hr>
          </gpxtpx:TrackPointExtension>
        </extensions>
      </trkpt>
      <trkpt lat="22.552967624292496" lon="113.88934752844767">
        <time>2026-08-22T13:25:12Z</time>
        <extensions>
          <gpxtpx:TrackPointExtension>
            <gpxtpx:hr>136</gpxtpx:hr>
          </gpxtpx:TrackPointExtension>
        </extensions>
      </trkpt>
      <trkpt lat="22.55295762440471" lon="113.88934552696902">
        <time>2026-08-22T13:25:13Z</time>
        <extensions>
          <gpxtpx:TrackPointExtension>
            <gpxtpx:hr>136</gpxtpx:hr>
          </gpxtpx:TrackPointExtension>
        </extensions>
      </trkpt>
      <trkpt lat="22.552943622517784" lon="113.88933651835369">
        <time>2026-08-22T13:25:14Z</time>
        <extensions>
          <gpxtpx:TrackPointExtension>
            <gpxtpx:hr>136</gpxtpx:hr>
          </gpxtpx:TrackPointExtension>
        </extensions>
      </trkpt>
      <trkpt lat="22.552930620550168" lon="113.88932750967153">
        <time>2026-08-22T13:25:15Z</time>
        <extensions>
          <gpxtpx:TrackPointExtension>
            <gpxtpx:hr>136</gpxtpx:hr>
          </gpxtpx:TrackPointExtension>
        </extensions>
      </trkpt>
      <trkpt lat="22.552919619085763" lon="113.88932050297242">
        <time>2026-08-22T13:25:16Z</time>
        <extensions>
          <gpxtpx:TrackPointExtension>
            <gpxtpx:hr>136</gpxtpx:hr>
          </gpxtpx:TrackPointExtension>
        </extensions>
      </trkpt>
      <trkpt lat="22.55290661777317" lon="113.88931349639755">
        <time>2026-08-22T13:25:17Z</time>
        <extensions>
          <gpxtpx:TrackPointExtension>
            <gpxtpx:hr>138</gpxtpx:hr>
          </gpxtpx:TrackPointExtension>
        </extensions>
      </trkpt>
      <trkpt lat="22.552897615157164" lon="113.88930348639613">
        <time>2026-08-22T13:25:18Z</time>
        <extensions>
          <gpxtpx:TrackPointExtension>
            <gpxtpx:hr>138</gpxtpx:hr>
          </gpxtpx:TrackPointExtension>
        </extensions>
      </trkpt>
      <trkpt lat="22.552886614016632" lon="113.88929748074706">
        <time>2026-08-22T13:25:19Z</time>
        <extensions>
          <gpxtpx:TrackPointExtension>
            <gpxtpx:hr>138</gpxtpx:hr>
          </gpxtpx:TrackPointExtension>
        </extensions>
      </trkpt>
      <trkpt lat="22.552876612134135" lon="113.88928947291753">
        <time>2026-08-22T13:25:20Z</time>
        <extensions>
          <gpxtpx:TrackPointExtension>
            <gpxtpx:hr>138</gpxtpx:hr>
          </gpxtpx:TrackPointExtension>
        </extensions>
      </trkpt>
      <trkpt lat="22.552867609507715" lon="113.88927946290542">
        <time>2026-08-22T13:25:21Z</time>
        <extensions>
          <gpxtpx:TrackPointExtension>
            <gpxtpx:hr>138</gpxtpx:hr>
          </gpxtpx:TrackPointExtension>
        </extensions>
      </trkpt>
      <trkpt lat="22.55285860820682" lon="113.88927345712352">
        <time>2026-08-22T13:25:22Z</time>
        <extensions>
          <gpxtpx:TrackPointExtension>
            <gpxtpx:hr>139</gpxtpx:hr>
          </gpxtpx:TrackPointExtension>
        </extensions>
      </trkpt>
      <trkpt lat="22.552840606931344" lon="113.88926544979104">
        <time>2026-08-22T13:25:23Z</time>
        <extensions>
          <gpxtpx:TrackPointExtension>
            <gpxtpx:hr>139</gpxtpx:hr>
          </gpxtpx:TrackPointExtension>
        </extensions>
      </trkpt>
      <trkpt lat="22.552836602910293" lon="113.88925243627385">
        <time>2026-08-22T13:25:24Z</time>
        <extensions>
          <gpxtpx:TrackPointExtension>
            <gpxtpx:hr>139</gpxtpx:hr>
          </gpxtpx:TrackPointExtension>
        </extensions>
      </trkpt>
      <trkpt lat="22.55283959901122" lon="113.88924142442681">
        <time>2026-08-22T13:25:25Z</time>
        <extensions>
          <gpxtpx:TrackPointExtension>
            <gpxtpx:hr>139</gpxtpx:hr>
          </gpxtpx:TrackPointExtension>
        </extensions>
      </trkpt>
      <trkpt lat="22.552829594435607" lon="113.88922540809294">
        <time>2026-08-22T13:25:26Z</time>
        <extensions>
          <gpxtpx:TrackPointExtension>
            <gpxtpx:hr>139</gpxtpx:hr>
          </gpxtpx:TrackPointExtension>
        </extensions>
      </trkpt>
      <trkpt lat="22.5528295917592" lon="113.88921739960571">
        <time>2026-08-22T13:25:27Z</time>
        <extensions>
          <gpxtpx:TrackPointExtension>
            <gpxtpx:hr>139</gpxtpx:hr>
          </gpxtpx:TrackPointExtension>
        </extensions>
      </trkpt>
      <trkpt lat="22.55282958237065" lon="113.88918936987794">
        <time>2026-08-22T13:25:28Z</time>
        <extensions>
          <gpxtpx:TrackPointExtension>
            <gpxtpx:hr>139</gpxtpx:hr>
          </gpxtpx:TrackPointExtension>
        </extensions>
      </trkpt>
      <trkpt lat="22.55282457905783" lon="113.88917835850562">
        <time>2026-08-22T13:25:29Z</time>
        <extensions>
          <gpxtpx:TrackPointExtension>
            <gpxtpx:hr>139</gpxtpx:hr>
          </gpxtpx:TrackPointExtension>
        </extensions>
      </trkpt>
      <trkpt lat="22.55281857716373" lon="113.88917135144398">
        <time>2026-08-22T13:25:30Z</time>
        <extensions>
          <gpxtpx:TrackPointExtension>
            <gpxtpx:hr>139</gpxtpx:hr>
          </gpxtpx:TrackPointExtension>
        </extensions>
      </trkpt>
      <trkpt lat="22.552806574717824" lon="113.88916134156887">
        <time>2026-08-22T13:25:31Z</time>
        <extensions>
          <gpxtpx:TrackPointExtension>
            <gpxtpx:hr>139</gpxtpx:hr>
          </gpxtpx:TrackPointExtension>
        </extensions>
      </trkpt>
      <trkpt lat="22.55278657119446" lon="113.8891463268742">
        <time>2026-08-22T13:25:32Z</time>
        <extensions>
          <gpxtpx:TrackPointExtension>
            <gpxtpx:hr>139</gpxtpx:hr>
          </gpxtpx:TrackPointExtension>
        </extensions>
      </trkpt>
      <trkpt lat="22.55277456569288" lon="113.8891273074039">
        <time>2026-08-22T13:25:33Z</time>
        <extensions>
          <gpxtpx:TrackPointExtension>
            <gpxtpx:hr>139</gpxtpx:hr>
          </gpxtpx:TrackPointExtension>
        </extensions>
      </trkpt>
      <trkpt lat="22.5527665537548" lon="113.88909026847054">
        <time>2026-08-22T13:25:34Z</time>
        <extensions>
          <gpxtpx:TrackPointExtension>
            <gpxtpx:hr>139</gpxtpx:hr>
          </gpxtpx:TrackPointExtension>
        </extensions>
      </trkpt>
      <trkpt lat="22.552754551614594" lon="113.88908125962647">
        <time>2026-08-22T13:25:35Z</time>
        <extensions>
          <gpxtpx:TrackPointExtension>
            <gpxtpx:hr>139</gpxtpx:hr>
          </gpxtpx:TrackPointExtension>
        </extensions>
      </trkpt>
      <trkpt lat="22.552744547271715" lon="113.88906624424635">
        <time>2026-08-22T13:25:36Z</time>
        <extensions>
          <gpxtpx:TrackPointExtension>
            <gpxtpx:hr>139</gpxtpx:hr>
          </gpxtpx:TrackPointExtension>
        </extensions>
      </trkpt>
      <trkpt lat="22.552721543575686" lon="113.88905022860932">
        <time>2026-08-22T13:25:37Z</time>
        <extensions>
          <gpxtpx:TrackPointExtension>
            <gpxtpx:hr>137</gpxtpx:hr>
          </gpxtpx:TrackPointExtension>
        </extensions>
      </trkpt>
      <trkpt lat="22.552709540051016" lon="113.88903721547318">
        <time>2026-08-22T13:25:38Z</time>
        <extensions>
          <gpxtpx:TrackPointExtension>
            <gpxtpx:hr>137</gpxtpx:hr>
          </gpxtpx:TrackPointExtension>
        </extensions>
      </trkpt>
      <trkpt lat="22.552698526827555" lon="113.88899617229775">
        <time>2026-08-22T13:25:39Z</time>
        <extensions>
          <gpxtpx:TrackPointExtension>
            <gpxtpx:hr>137</gpxtpx:hr>
          </gpxtpx:TrackPointExtension>
        </extensions>
      </trkpt>
      <trkpt lat="22.552713507040924" lon="113.88894211345468">
        <time>2026-08-22T13:25:40Z</time>
        <extensions>
          <gpxtpx:TrackPointExtension>
            <gpxtpx:hr>137</gpxtpx:hr>
          </gpxtpx:TrackPointExtension>
        </extensions>
      </trkpt>
      <trkpt lat="22.55269749890543" lon="113.88891508546975">
        <time>2026-08-22T13:25:41Z</time>
        <extensions>
          <gpxtpx:TrackPointExtension>
            <gpxtpx:hr>137</gpxtpx:hr>
          </gpxtpx:TrackPointExtension>
        </extensions>
      </trkpt>
      <trkpt lat="22.5526934981701" lon="113.88891208249875">
        <time>2026-08-22T13:25:42Z</time>
        <extensions>
          <gpxtpx:TrackPointExtension>
            <gpxtpx:hr>138</gpxtpx:hr>
          </gpxtpx:TrackPointExtension>
        </extensions>
      </trkpt>
      <trkpt lat="22.552680501598854" lon="113.88891909084198">
        <time>2026-08-22T13:25:43Z</time>
        <extensions>
          <gpxtpx:TrackPointExtension>
            <gpxtpx:hr>138</gpxtpx:hr>
          </gpxtpx:TrackPointExtension>
        </extensions>
      </trkpt>
      <trkpt lat="22.55266849904533" lon="113.88890908085463">
        <time>2026-08-22T13:25:44Z</time>
        <extensions>
          <gpxtpx:TrackPointExtension>
            <gpxtpx:hr>138</gpxtpx:hr>
          </gpxtpx:TrackPointExtension>
        </extensions>
      </trkpt>
      <trkpt lat="22.552662498810186" lon="113.88890707908418">
        <time>2026-08-22T13:25:45Z</time>
        <extensions>
          <gpxtpx:TrackPointExtension>
            <gpxtpx:hr>138</gpxtpx:hr>
          </gpxtpx:TrackPointExtension>
        </extensions>
      </trkpt>
      <trkpt lat="22.552671475081166" lon="113.88884100747576">
        <time>2026-08-22T13:25:46Z</time>
        <extensions>
          <gpxtpx:TrackPointExtension>
            <gpxtpx:hr>138</gpxtpx:hr>
          </gpxtpx:TrackPointExtension>
        </extensions>
      </trkpt>
      <trkpt lat="22.55264947746911" lon="113.8888430110218">
        <time>2026-08-22T13:25:47Z</time>
        <extensions>
          <gpxtpx:TrackPointExtension>
            <gpxtpx:hr>138</gpxtpx:hr>
          </gpxtpx:TrackPointExtension>
        </extensions>
      </trkpt>
      <trkpt lat="22.552634473007828" lon="113.88882699472039">
        <time>2026-08-22T13:25:48Z</time>
        <extensions>
          <gpxtpx:TrackPointExtension>
            <gpxtpx:hr>138</gpxtpx:hr>
          </gpxtpx:TrackPointExtension>
        </extensions>
      </trkpt>
      <trkpt lat="22.55261648174993" lon="113.88884801849565">
        <time>2026-08-22T13:25:49Z</time>
        <extensions>
          <gpxtpx:TrackPointExtension>
            <gpxtpx:hr>138</gpxtpx:hr>
          </gpxtpx:TrackPointExtension>
        </extensions>
      </trkpt>
      <trkpt lat="22.552616471577757" lon="113.88881898722907">
        <time>2026-08-22T13:25:50Z</time>
        <extensions>
          <gpxtpx:TrackPointExtension>
            <gpxtpx:hr>138</gpxtpx:hr>
          </gpxtpx:TrackPointExtension>
        </extensions>
      </trkpt>
      <trkpt lat="22.552605463975688" lon="113.88879496202024">
        <time>2026-08-22T13:25:51Z</time>
        <extensions>
          <gpxtpx:TrackPointExtension>
            <gpxtpx:hr>138</gpxtpx:hr>
          </gpxtpx:TrackPointExtension>
        </extensions>
      </trkpt>
      <trkpt lat="22.552595453798148" lon="113.88876392915496">
        <time>2026-08-22T13:25:52Z</time>
        <extensions>
          <gpxtpx:TrackPointExtension>
            <gpxtpx:hr>138</gpxtpx:hr>
          </gpxtpx:TrackPointExtension>
        </extensions>
      </trkpt>
      <trkpt lat="22.552578452269525" lon="113.88875592157804">
        <time>2026-08-22T13:25:53Z</time>
        <extensions>
          <gpxtpx:TrackPointExtension>
            <gpxtpx:hr>138</gpxtpx:hr>
          </gpxtpx:TrackPointExtension>
        </extensions>
      </trkpt>
      <trkpt lat="22.552533456068282" lon="113.8887569255038">
        <time>2026-08-22T13:25:54Z</time>
        <extensions>
          <gpxtpx:TrackPointExtension>
            <gpxtpx:hr>138</gpxtpx:hr>
          </gpxtpx:TrackPointExtension>
        </extensions>
      </trkpt>
      <trkpt lat="22.55251644921683" lon="113.88873390169069">
        <time>2026-08-22T13:25:55Z</time>
        <extensions>
          <gpxtpx:TrackPointExtension>
            <gpxtpx:hr>138</gpxtpx:hr>
          </gpxtpx:TrackPointExtension>
        </extensions>
      </trkpt>
      <trkpt lat="22.552509442645537" lon="113.88871388047262">
        <time>2026-08-22T13:25:56Z</time>
        <extensions>
          <gpxtpx:TrackPointExtension>
            <gpxtpx:hr>138</gpxtpx:hr>
          </gpxtpx:TrackPointExtension>
        </extensions>
      </trkpt>
    </trkseg>
  </trk>
</gpx>